#
# There is insufficient memory for the Java Runtime Environment to continue.
# Native memory allocation (mmap) failed to map 655360000 bytes. Error detail: G1 virtual space
# Possible reasons:
#   The system is out of physical RAM or swap space
#   This process is running with CompressedOops enabled, and the Java Heap may be blocking the growth of the native heap
# Possible solutions:
#   Reduce memory load on the system
#   Increase physical memory or swap space
#   Check if swap backing store is full
#   Decrease Java heap size (-Xmx/-Xms)
#   Decrease number of Java threads
#   Decrease Java thread stack sizes (-Xss)
#   Set larger code cache with -XX:ReservedCodeCacheSize=
#   JVM is running with Unscaled Compressed Oops mode in which the Java heap is
#     placed in the first 4GB address space. The Java Heap base address is the
#     maximum limit for the native heap growth. Please use -XX:HeapBaseMinAddress
#     to set the Java Heap base and to place the Java Heap above 4GB virtual address.
# This output file may be truncated or incomplete.
#
#  Out of Memory Error (os_windows.cpp:3926), pid=18624, tid=22944
#
# JRE version: OpenJDK Runtime Environment (21.0.10) (build 21.0.10+-14961533-b1163.108)
# Java VM: OpenJDK 64-Bit Server VM (21.0.10+-14961533-b1163.108, mixed mode, tiered, compressed oops, compressed class ptrs, g1 gc, windows-amd64)
# No core dump will be written. Minidumps are not enabled by default on client versions of Windows
#

---------------  S U M M A R Y ------------

Command Line: --add-opens=java.base/java.lang=ALL-UNNAMED --add-opens=java.base/java.lang.invoke=ALL-UNNAMED --add-opens=java.base/java.util=ALL-UNNAMED --add-opens=java.prefs/java.util.prefs=ALL-UNNAMED --add-exports=jdk.compiler/com.sun.tools.javac.api=ALL-UNNAMED --add-exports=jdk.compiler/com.sun.tools.javac.util=ALL-UNNAMED --add-opens=java.base/java.util=ALL-UNNAMED --add-opens=java.prefs/java.util.prefs=ALL-UNNAMED --add-opens=java.base/java.nio.charset=ALL-UNNAMED --add-opens=java.base/java.net=ALL-UNNAMED --add-opens=java.base/java.util.concurrent=ALL-UNNAMED --add-opens=java.base/java.util.concurrent.atomic=ALL-UNNAMED --add-opens=java.xml/javax.xml.namespace=ALL-UNNAMED --add-opens=java.base/java.time=ALL-UNNAMED -Xmx2048m -Dfile.encoding=UTF-8 -Duser.country=GB -Duser.language=en -Duser.variant -javaagent:C:\Users\Janmark Abo\.gradle\wrapper\dists\gradle-9.4.1-bin\arn2x92ynaizyzdaamcbpbhtj\gradle-9.4.1\lib\agents\gradle-instrumentation-agent-9.4.1.jar org.gradle.launcher.daemon.bootstrap.GradleDaemon 9.4.1

Host: Intel(R) Core(TM) i3-7100U CPU @ 2.40GHz, 4 cores, 3G,  Windows 11 , 64 bit Build 26100 (10.0.26100.8328)
Time: Sun May 17 22:34:43 2026 China Standard Time elapsed time: 3206.135926 seconds (0d 0h 53m 26s)

---------------  T H R E A D  ---------------

Current thread (0x000002d66cf64f00):  VMThread "VM Thread"          [id=22944, stack(0x000000e01e100000,0x000000e01e200000) (1024K)]

Stack: [0x000000e01e100000,0x000000e01e200000]
Native frames: (J=compiled Java code, j=interpreted, Vv=VM code, C=native code)
V  [jvm.dll+0x6d78a9]
V  [jvm.dll+0x8665b3]
V  [jvm.dll+0x868bde]
V  [jvm.dll+0x8692c3]
V  [jvm.dll+0x280ee6]
V  [jvm.dll+0x6d4165]
V  [jvm.dll+0x6c77fa]
V  [jvm.dll+0x358f4b]
V  [jvm.dll+0x360bc6]
V  [jvm.dll+0x3b2ea6]
V  [jvm.dll+0x3b3178]
V  [jvm.dll+0x32b65c]
V  [jvm.dll+0x32b6e7]
V  [jvm.dll+0x3715cc]
V  [jvm.dll+0x36fd7e]
V  [jvm.dll+0x32adb1]
V  [jvm.dll+0x36f480]
V  [jvm.dll+0x86f048]
V  [jvm.dll+0x870394]
V  [jvm.dll+0x8708d0]
V  [jvm.dll+0x870b63]
V  [jvm.dll+0x80fd28]
V  [jvm.dll+0x6d60fd]
C  [ucrtbase.dll+0x37b0]
C  [KERNEL32.DLL+0x2e957]
C  [ntdll.dll+0x427c]

VM_Operation (0x000000e0210f7b60): G1CollectForAllocation, mode: safepoint, requested by thread 0x000002d676983b40


---------------  P R O C E S S  ---------------

Threads class SMR info:
_java_thread_list=0x000002d67377cd20, length=65, elements={
0x000002d65611b8a0, 0x000002d66d117e80, 0x000002d66d12ca10, 0x000002d66d12d470,
0x000002d66d12e870, 0x000002d66d13fa60, 0x000002d66d1408c0, 0x000002d66d141b40,
0x000002d66d14f130, 0x000002d66d155060, 0x000002d66d44eb10, 0x000002d67336bf50,
0x000002d67243db00, 0x000002d67260be80, 0x000002d674289820, 0x000002d674289eb0,
0x000002d67428a540, 0x000002d674816980, 0x000002d6748183c0, 0x000002d674818a50,
0x000002d67481d280, 0x000002d67481d910, 0x000002d67481bed0, 0x000002d6750c8710,
0x000002d675e11380, 0x000002d675f70ed0, 0x000002d675f72910, 0x000002d675e13ae0,
0x000002d675e10660, 0x000002d675e16f60, 0x000002d675e16240, 0x000002d675e14170,
0x000002d67d07bbd0, 0x000002d67d078750, 0x000002d67d07b540, 0x000002d67d079b00,
0x000002d67d07c260, 0x000002d67d07d610, 0x000002d67d07cf80, 0x000002d67d07c8f0,
0x000002d67d07a190, 0x000002d67d07aeb0, 0x000002d67d07dca0, 0x000002d67d07e9c0,
0x000002d67d07fd70, 0x000002d676980d50, 0x000002d6769834b0, 0x000002d676983b40,
0x000002d6769813e0, 0x000002d676984860, 0x000002d676984ef0, 0x000002d676981a70,
0x000002d676985580, 0x000002d67cb236f0, 0x000002d67cb24aa0, 0x000002d67cb25e50,
0x000002d67cb23060, 0x000002d67cb29ff0, 0x000002d67cb28c40, 0x000002d67cb26b70,
0x000002d67cb24410, 0x000002d67cb292d0, 0x000002d67cb2a680, 0x000002d67cb2ad10,
0x000002d67c4de860
}

Java Threads: ( => current thread )
  0x000002d65611b8a0 JavaThread "main"                              [_thread_blocked, id=7248, stack(0x000000e01da00000,0x000000e01db00000) (1024K)]
  0x000002d66d117e80 JavaThread "Common-Cleaner"             daemon [_thread_blocked, id=1676, stack(0x000000e01e200000,0x000000e01e300000) (1024K)]
  0x000002d66d12ca10 JavaThread "Reference Handler"          daemon [_thread_blocked, id=17060, stack(0x000000e01e300000,0x000000e01e400000) (1024K)]
  0x000002d66d12d470 JavaThread "Finalizer"                  daemon [_thread_blocked, id=1912, stack(0x000000e01e400000,0x000000e01e500000) (1024K)]
  0x000002d66d12e870 JavaThread "Signal Dispatcher"          daemon [_thread_blocked, id=22208, stack(0x000000e01e500000,0x000000e01e600000) (1024K)]
  0x000002d66d13fa60 JavaThread "Attach Listener"            daemon [_thread_blocked, id=19276, stack(0x000000e01e600000,0x000000e01e700000) (1024K)]
  0x000002d66d1408c0 JavaThread "Service Thread"             daemon [_thread_blocked, id=12068, stack(0x000000e01e700000,0x000000e01e800000) (1024K)]
  0x000002d66d141b40 JavaThread "Monitor Deflation Thread"   daemon [_thread_blocked, id=4164, stack(0x000000e01e800000,0x000000e01e900000) (1024K)]
  0x000002d66d14f130 JavaThread "C2 CompilerThread0"         daemon [_thread_blocked, id=10296, stack(0x000000e01e900000,0x000000e01ea00000) (1024K)]
  0x000002d66d155060 JavaThread "C1 CompilerThread0"         daemon [_thread_blocked, id=6136, stack(0x000000e01ea00000,0x000000e01eb00000) (1024K)]
  0x000002d66d44eb10 JavaThread "Notification Thread"        daemon [_thread_blocked, id=22608, stack(0x000000e01eb00000,0x000000e01ec00000) (1024K)]
  0x000002d67336bf50 JavaThread "Daemon health stats"               [_thread_blocked, id=21380, stack(0x000000e01ef00000,0x000000e01f000000) (1024K)]
  0x000002d67243db00 JavaThread "Incoming local TCP Connector on port 65510"        [_thread_in_native, id=23840, stack(0x000000e01f000000,0x000000e01f100000) (1024K)]
  0x000002d67260be80 JavaThread "Daemon periodic checks"            [_thread_blocked, id=5836, stack(0x000000e01f100000,0x000000e01f200000) (1024K)]
  0x000002d674289820 JavaThread "Cache worker for journal cache (C:\Users\Janmark Abo\.gradle\caches\journal-1)"        [_thread_blocked, id=23124, stack(0x000000e01f900000,0x000000e01fa00000) (1024K)]
  0x000002d674289eb0 JavaThread "File lock request listener"        [_thread_in_native, id=21228, stack(0x000000e01fa00000,0x000000e01fb00000) (1024K)]
  0x000002d67428a540 JavaThread "Cache worker for file hash cache (C:\Users\Janmark Abo\.gradle\caches\9.4.1\fileHashes)"        [_thread_blocked, id=10396, stack(0x000000e01fb00000,0x000000e01fc00000) (1024K)]
  0x000002d674816980 JavaThread "File watcher server"        daemon [_thread_blocked, id=28632, stack(0x000000e01fe00000,0x000000e01ff00000) (1024K)]
  0x000002d6748183c0 JavaThread "File watcher consumer"      daemon [_thread_blocked, id=23160, stack(0x000000e01ff00000,0x000000e020000000) (1024K)]
  0x000002d674818a50 JavaThread "Cache worker for file content cache (C:\Users\Janmark Abo\.gradle\caches\9.4.1\fileContent)"        [_thread_blocked, id=24016, stack(0x000000e020000000,0x000000e020100000) (1024K)]
  0x000002d67481d280 JavaThread "jar transforms"                    [_thread_blocked, id=18140, stack(0x000000e020400000,0x000000e020500000) (1024K)]
  0x000002d67481d910 JavaThread "jar transforms Thread 2"           [_thread_blocked, id=19344, stack(0x000000e020500000,0x000000e020600000) (1024K)]
  0x000002d67481bed0 JavaThread "jar transforms Thread 3"           [_thread_blocked, id=22580, stack(0x000000e020600000,0x000000e020700000) (1024K)]
  0x000002d6750c8710 JavaThread "jar transforms Thread 4"           [_thread_blocked, id=24000, stack(0x000000e020b00000,0x000000e020c00000) (1024K)]
  0x000002d675e11380 JavaThread "Memory manager"                    [_thread_blocked, id=16128, stack(0x000000e020d00000,0x000000e020e00000) (1024K)]
  0x000002d675f70ed0 JavaThread "pool-3-thread-1"                   [_thread_blocked, id=12684, stack(0x000000e01d800000,0x000000e01d900000) (1024K)]
  0x000002d675f72910 JavaThread "Cache worker for Java compile cache (C:\Users\Janmark Abo\.gradle\caches\9.4.1\javaCompile)"        [_thread_blocked, id=19476, stack(0x000000e021600000,0x000000e021700000) (1024K)]
  0x000002d675e13ae0 JavaThread "Daemon Thread 2"                   [_thread_blocked, id=10864, stack(0x000000e01d700000,0x000000e01d800000) (1024K)]
  0x000002d675e10660 JavaThread "Handler for socket connection from /127.0.0.1:65510 to /127.0.0.1:58474"        [_thread_in_native, id=10184, stack(0x000000e01d900000,0x000000e01da00000) (1024K)]
  0x000002d675e16f60 JavaThread "Cancel handler"                    [_thread_blocked, id=21004, stack(0x000000e01f200000,0x000000e01f300000) (1024K)]
  0x000002d675e16240 JavaThread "Daemon worker Thread 2"            [_thread_blocked, id=23948, stack(0x000000e01f300000,0x000000e01f400000) (1024K)]
  0x000002d675e14170 JavaThread "Asynchronous log dispatcher for DefaultDaemonConnection: socket connection from /127.0.0.1:65510 to /127.0.0.1:58474"        [_thread_blocked, id=26576, stack(0x000000e01f400000,0x000000e01f500000) (1024K)]
  0x000002d67d07bbd0 JavaThread "Stdin handler"                     [_thread_blocked, id=24544, stack(0x000000e01f500000,0x000000e01f600000) (1024K)]
  0x000002d67d078750 JavaThread "Daemon client event forwarder"        [_thread_blocked, id=18332, stack(0x000000e01f600000,0x000000e01f700000) (1024K)]
  0x000002d67d07b540 JavaThread "Cache worker for file hash cache (C:\Users\Janmark Abo\AndroidStudioProjects\MyJanDergyMusic\.gradle\9.4.1\fileHashes)"        [_thread_blocked, id=3628, stack(0x000000e01f700000,0x000000e01f800000) (1024K)]
  0x000002d67d079b00 JavaThread "Cache worker for Build Output Cleanup Cache (C:\Users\Janmark Abo\AndroidStudioProjects\MyJanDergyMusic\.gradle\buildOutputCleanup)"        [_thread_blocked, id=68, stack(0x000000e01f800000,0x000000e01f900000) (1024K)]
  0x000002d67d07c260 JavaThread "Cache worker for checksums cache (C:\Users\Janmark Abo\AndroidStudioProjects\MyJanDergyMusic\.gradle\9.4.1\checksums)"        [_thread_blocked, id=13736, stack(0x000000e01fc00000,0x000000e01fd00000) (1024K)]
  0x000002d67d07d610 JavaThread "Cache worker for cache directory md-supplier (C:\Users\Janmark Abo\.gradle\caches\9.4.1\md-supplier)"        [_thread_blocked, id=20264, stack(0x000000e01fd00000,0x000000e01fe00000) (1024K)]
  0x000002d67d07cf80 JavaThread "Cache worker for cache directory md-rule (C:\Users\Janmark Abo\.gradle\caches\9.4.1\md-rule)"        [_thread_blocked, id=23424, stack(0x000000e020100000,0x000000e020200000) (1024K)]
  0x000002d67d07c8f0 JavaThread "Build operations"                  [_thread_blocked, id=16064, stack(0x000000e020200000,0x000000e020300000) (1024K)]
  0x000002d67d07a190 JavaThread "Build operations Thread 2"         [_thread_blocked, id=20952, stack(0x000000e020300000,0x000000e020400000) (1024K)]
  0x000002d67d07aeb0 JavaThread "Build operations Thread 3"         [_thread_blocked, id=13548, stack(0x000000e020700000,0x000000e020800000) (1024K)]
  0x000002d67d07dca0 JavaThread "Build operations Thread 4"         [_thread_blocked, id=17564, stack(0x000000e020800000,0x000000e020900000) (1024K)]
  0x000002d67d07e9c0 JavaThread "build event listener"              [_thread_blocked, id=15412, stack(0x000000e020a00000,0x000000e020b00000) (1024K)]
  0x000002d67d07fd70 JavaThread "build event listener"              [_thread_blocked, id=9768, stack(0x000000e020c00000,0x000000e020d00000) (1024K)]
  0x000002d676980d50 JavaThread "pool-7-thread-1"                   [_thread_blocked, id=23232, stack(0x000000e020e00000,0x000000e020f00000) (1024K)]
  0x000002d6769834b0 JavaThread "build event listener"              [_thread_blocked, id=21788, stack(0x000000e020f00000,0x000000e021000000) (1024K)]
  0x000002d676983b40 JavaThread "included builds"                   [_thread_blocked, id=4928, stack(0x000000e021000000,0x000000e021100000) (1024K)]
  0x000002d6769813e0 JavaThread "Execution worker"                  [_thread_blocked, id=16956, stack(0x000000e021100000,0x000000e021200000) (1024K)]
  0x000002d676984860 JavaThread "Execution worker Thread 2"         [_thread_blocked, id=20464, stack(0x000000e021200000,0x000000e021300000) (1024K)]
  0x000002d676984ef0 JavaThread "Execution worker Thread 3"         [_thread_blocked, id=16160, stack(0x000000e021300000,0x000000e021400000) (1024K)]
  0x000002d676981a70 JavaThread "Cache worker for execution history cache (C:\Users\Janmark Abo\AndroidStudioProjects\MyJanDergyMusic\.gradle\9.4.1\executionHistory)"        [_thread_blocked, id=14260, stack(0x000000e021400000,0x000000e021500000) (1024K)]
  0x000002d676985580 JavaThread "WorkerExecutor Queue"              [_thread_blocked, id=4624, stack(0x000000e021700000,0x000000e021800000) (1024K)]
  0x000002d67cb236f0 JavaThread "WorkerExecutor Queue Thread 2"        [_thread_blocked, id=15180, stack(0x000000e021800000,0x000000e021900000) (1024K)]
  0x000002d67cb24aa0 JavaThread "WorkerExecutor Queue Thread 3"        [_thread_blocked, id=24616, stack(0x000000e021900000,0x000000e021a00000) (1024K)]
  0x000002d67cb25e50 JavaThread "WorkerExecutor Queue Thread 4"        [_thread_blocked, id=23636, stack(0x000000e021a00000,0x000000e021b00000) (1024K)]
  0x000002d67cb23060 JavaThread "pool-8-thread-1"                   [_thread_blocked, id=12736, stack(0x000000e021c00000,0x000000e021d00000) (1024K)]
  0x000002d67cb29ff0 JavaThread "stderr"                            [_thread_in_native, id=27112, stack(0x000000e021d00000,0x000000e021e00000) (1024K)]
  0x000002d67cb28c40 JavaThread "stdout"                            [_thread_in_native, id=25148, stack(0x000000e021e00000,0x000000e021f00000) (1024K)]
  0x000002d67cb26b70 JavaThread "RMI Scheduler(0)"           daemon [_thread_blocked, id=23092, stack(0x000000e021b00000,0x000000e021c00000) (1024K)]
  0x000002d67cb24410 JavaThread "RMI GC Daemon"              daemon [_thread_blocked, id=26980, stack(0x000000e022000000,0x000000e022100000) (1024K)]
  0x000002d67cb292d0 JavaThread "RMI TCP Accept-0"           daemon [_thread_in_native, id=21608, stack(0x000000e022100000,0x000000e022200000) (1024K)]
  0x000002d67cb2a680 JavaThread "RMI Reaper"                        [_thread_blocked, id=13796, stack(0x000000e022200000,0x000000e022300000) (1024K)]
  0x000002d67cb2ad10 JavaThread "RMI TCP Connection(idle)"   daemon [_thread_blocked, id=5292, stack(0x000000e022300000,0x000000e022400000) (1024K)]
  0x000002d67c4de860 JavaThread "C2 CompilerThread1"         daemon [_thread_blocked, id=21156, stack(0x000000e021f00000,0x000000e022000000) (1024K)]
Total: 65

Other Threads:
=>0x000002d66cf64f00 VMThread "VM Thread"                           [id=22944, stack(0x000000e01e100000,0x000000e01e200000) (1024K)]
  0x000002d66cf01680 WatcherThread "VM Periodic Task Thread"        [id=18860, stack(0x000000e01e000000,0x000000e01e100000) (1024K)]
  0x000002d6561744a0 WorkerThread "GC Thread#0"                     [id=2852, stack(0x000000e01db00000,0x000000e01dc00000) (1024K)]
  0x000002d66d685eb0 WorkerThread "GC Thread#1"                     [id=3380, stack(0x000000e01ec00000,0x000000e01ed00000) (1024K)]
  0x000002d66d68c230 WorkerThread "GC Thread#2"                     [id=3624, stack(0x000000e01ed00000,0x000000e01ee00000) (1024K)]
  0x000002d672440600 WorkerThread "GC Thread#3"                     [id=21768, stack(0x000000e01ee00000,0x000000e01ef00000) (1024K)]
  0x000002d6561861e0 ConcurrentGCThread "G1 Main Marker"            [id=8588, stack(0x000000e01dc00000,0x000000e01dd00000) (1024K)]
  0x000002d6561873a0 WorkerThread "G1 Conc#0"                       [id=2176, stack(0x000000e01dd00000,0x000000e01de00000) (1024K)]
  0x000002d66cdc10a0 ConcurrentGCThread "G1 Refine#0"               [id=22040, stack(0x000000e01de00000,0x000000e01df00000) (1024K)]
  0x000002d66cdc18d0 ConcurrentGCThread "G1 Service"                [id=12744, stack(0x000000e01df00000,0x000000e01e000000) (1024K)]
Total: 10

Threads with active compile tasks:
C1 CompilerThread0  3206237 26175       3       com.sun.tools.javac.comp.Attr::visitApply (911 bytes)
Total: 1

VM state: at safepoint (normal execution)

VM Mutex/Monitor currently owned by a thread:  ([mutex/lock_event])
[0x00007ffa44c486d0] Threads_lock - owner thread: 0x000002d66cf64f00
[0x00007ffa44c487d0] Heap_lock - owner thread: 0x000002d676983b40

Heap address: 0x0000000080000000, size: 2048 MB, Compressed Oops mode: 32-bit

CDS archive(s) not mapped
Compressed class space mapped at: 0x0000000100000000-0x0000000140000000, reserved size: 1073741824
Narrow klass base: 0x0000000000000000, Narrow klass shift: 3, Narrow klass range: 0x140000000

GC Precious Log:
 CardTable entry size: 512
 Card Set container configuration: InlinePtr #cards 5 size 8 Array Of Cards #cards 12 size 40 Howl #buckets 4 coarsen threshold 1843 Howl Bitmap #cards 512 size 80 coarsen threshold 460 Card regions per heap region 1 cards per card region 2048
 CPUs: 4 total, 4 available
 Memory: 3987M
 Large Page Support: Disabled
 NUMA Support: Disabled
 Compressed Oops: Enabled (32-bit)
 Heap Region Size: 1M
 Heap Min Capacity: 8M
 Heap Initial Capacity: 64M
 Heap Max Capacity: 2G
 Pre-touch: Disabled
 Parallel Workers: 4
 Concurrent Workers: 1
 Concurrent Refinement Workers: 4
 Periodic GC: Disabled

Heap:
 garbage-first heap   total 332800K, used 233984K [0x0000000080000000, 0x0000000100000000)
  region size 1024K, 7 young (7168K), 7 survivors (7168K)
 Metaspace       used 174223K, committed 175744K, reserved 1245184K
  class space    used 23302K, committed 24064K, reserved 1048576K

Heap Regions: E=young(eden), S=young(survivor), O=old, HS=humongous(starts), HC=humongous(continues), CS=collection set, F=free, TAMS=top-at-mark-start, PB=parsable bottom
|   0|0x0000000080000000, 0x0000000080100000, 0x0000000080100000|100%|HS|  |TAMS 0x0000000080000000| PB 0x0000000080000000| Complete 
|   1|0x0000000080100000, 0x0000000080200000, 0x0000000080200000|100%|HC|  |TAMS 0x0000000080100000| PB 0x0000000080100000| Complete 
|   2|0x0000000080200000, 0x0000000080300000, 0x0000000080300000|100%|HC|  |TAMS 0x0000000080200000| PB 0x0000000080200000| Complete 
|   3|0x0000000080300000, 0x0000000080400000, 0x0000000080400000|100%|HC|  |TAMS 0x0000000080300000| PB 0x0000000080300000| Complete 
|   4|0x0000000080400000, 0x0000000080500000, 0x0000000080500000|100%| O|  |TAMS 0x0000000080400000| PB 0x0000000080400000| Untracked 
|   5|0x0000000080500000, 0x0000000080600000, 0x0000000080600000|100%| O|  |TAMS 0x0000000080500000| PB 0x0000000080500000| Untracked 
|   6|0x0000000080600000, 0x0000000080700000, 0x0000000080700000|100%| O|  |TAMS 0x0000000080600000| PB 0x0000000080600000| Untracked 
|   7|0x0000000080700000, 0x0000000080800000, 0x0000000080800000|100%| O|  |TAMS 0x0000000080700000| PB 0x0000000080700000| Untracked 
|   8|0x0000000080800000, 0x0000000080900000, 0x0000000080900000|100%|HS|  |TAMS 0x0000000080800000| PB 0x0000000080800000| Complete 
|   9|0x0000000080900000, 0x0000000080a00000, 0x0000000080a00000|100%| O|  |TAMS 0x0000000080900000| PB 0x0000000080900000| Untracked 
|  10|0x0000000080a00000, 0x0000000080b00000, 0x0000000080b00000|100%| O|  |TAMS 0x0000000080a00000| PB 0x0000000080a00000| Untracked 
|  11|0x0000000080b00000, 0x0000000080c00000, 0x0000000080c00000|100%| O|  |TAMS 0x0000000080b00000| PB 0x0000000080b00000| Untracked 
|  12|0x0000000080c00000, 0x0000000080d00000, 0x0000000080d00000|100%| O|  |TAMS 0x0000000080c00000| PB 0x0000000080c00000| Untracked 
|  13|0x0000000080d00000, 0x0000000080e00000, 0x0000000080e00000|100%| O|  |TAMS 0x0000000080d00000| PB 0x0000000080d00000| Untracked 
|  14|0x0000000080e00000, 0x0000000080f00000, 0x0000000080f00000|100%| O|  |TAMS 0x0000000080e00000| PB 0x0000000080e00000| Untracked 
|  15|0x0000000080f00000, 0x0000000081000000, 0x0000000081000000|100%| O|  |TAMS 0x0000000080f00000| PB 0x0000000080f00000| Untracked 
|  16|0x0000000081000000, 0x0000000081100000, 0x0000000081100000|100%| O|  |TAMS 0x0000000081000000| PB 0x0000000081000000| Untracked 
|  17|0x0000000081100000, 0x0000000081200000, 0x0000000081200000|100%| O|  |TAMS 0x0000000081100000| PB 0x0000000081100000| Untracked 
|  18|0x0000000081200000, 0x0000000081300000, 0x0000000081300000|100%| O|  |TAMS 0x0000000081200000| PB 0x0000000081200000| Untracked 
|  19|0x0000000081300000, 0x0000000081400000, 0x0000000081400000|100%| O|  |TAMS 0x0000000081300000| PB 0x0000000081300000| Untracked 
|  20|0x0000000081400000, 0x0000000081500000, 0x0000000081500000|100%| O|  |TAMS 0x0000000081400000| PB 0x0000000081400000| Untracked 
|  21|0x0000000081500000, 0x0000000081600000, 0x0000000081600000|100%| O|  |TAMS 0x0000000081500000| PB 0x0000000081500000| Untracked 
|  22|0x0000000081600000, 0x0000000081700000, 0x0000000081700000|100%| O|  |TAMS 0x0000000081600000| PB 0x0000000081600000| Untracked 
|  23|0x0000000081700000, 0x0000000081800000, 0x0000000081800000|100%| O|  |TAMS 0x0000000081700000| PB 0x0000000081700000| Untracked 
|  24|0x0000000081800000, 0x0000000081900000, 0x0000000081900000|100%| O|  |TAMS 0x0000000081800000| PB 0x0000000081800000| Untracked 
|  25|0x0000000081900000, 0x0000000081a00000, 0x0000000081a00000|100%| O|  |TAMS 0x0000000081900000| PB 0x0000000081900000| Untracked 
|  26|0x0000000081a00000, 0x0000000081b00000, 0x0000000081b00000|100%| O|  |TAMS 0x0000000081a00000| PB 0x0000000081a00000| Untracked 
|  27|0x0000000081b00000, 0x0000000081c00000, 0x0000000081c00000|100%| O|  |TAMS 0x0000000081b00000| PB 0x0000000081b00000| Untracked 
|  28|0x0000000081c00000, 0x0000000081c00000, 0x0000000081d00000|  0%| F|  |TAMS 0x0000000081c00000| PB 0x0000000081c00000| Untracked 
|  29|0x0000000081d00000, 0x0000000081e00000, 0x0000000081e00000|100%| O|  |TAMS 0x0000000081d00000| PB 0x0000000081d00000| Untracked 
|  30|0x0000000081e00000, 0x0000000081f00000, 0x0000000081f00000|100%| O|  |TAMS 0x0000000081e00000| PB 0x0000000081e00000| Untracked 
|  31|0x0000000081f00000, 0x0000000082000000, 0x0000000082000000|100%| O|  |TAMS 0x0000000081f00000| PB 0x0000000081f00000| Untracked 
|  32|0x0000000082000000, 0x0000000082100000, 0x0000000082100000|100%| O|  |TAMS 0x0000000082000000| PB 0x0000000082000000| Untracked 
|  33|0x0000000082100000, 0x0000000082200000, 0x0000000082200000|100%| O|  |TAMS 0x0000000082100000| PB 0x0000000082100000| Untracked 
|  34|0x0000000082200000, 0x0000000082300000, 0x0000000082300000|100%|HS|  |TAMS 0x0000000082200000| PB 0x0000000082200000| Complete 
|  35|0x0000000082300000, 0x0000000082400000, 0x0000000082400000|100%|HC|  |TAMS 0x0000000082300000| PB 0x0000000082300000| Complete 
|  36|0x0000000082400000, 0x0000000082500000, 0x0000000082500000|100%| O|  |TAMS 0x0000000082400000| PB 0x0000000082400000| Untracked 
|  37|0x0000000082500000, 0x0000000082600000, 0x0000000082600000|100%| O|  |TAMS 0x0000000082500000| PB 0x0000000082500000| Untracked 
|  38|0x0000000082600000, 0x0000000082700000, 0x0000000082700000|100%| O|  |TAMS 0x0000000082600000| PB 0x0000000082600000| Untracked 
|  39|0x0000000082700000, 0x0000000082800000, 0x0000000082800000|100%| O|  |TAMS 0x0000000082700000| PB 0x0000000082700000| Untracked 
|  40|0x0000000082800000, 0x0000000082900000, 0x0000000082900000|100%| O|  |TAMS 0x0000000082800000| PB 0x0000000082800000| Untracked 
|  41|0x0000000082900000, 0x0000000082a00000, 0x0000000082a00000|100%| O|  |TAMS 0x0000000082900000| PB 0x0000000082900000| Untracked 
|  42|0x0000000082a00000, 0x0000000082b00000, 0x0000000082b00000|100%| O|  |TAMS 0x0000000082a00000| PB 0x0000000082a00000| Untracked 
|  43|0x0000000082b00000, 0x0000000082c00000, 0x0000000082c00000|100%| O|  |TAMS 0x0000000082b00000| PB 0x0000000082b00000| Untracked 
|  44|0x0000000082c00000, 0x0000000082d00000, 0x0000000082d00000|100%| O|  |TAMS 0x0000000082c00000| PB 0x0000000082c00000| Untracked 
|  45|0x0000000082d00000, 0x0000000082e00000, 0x0000000082e00000|100%| O|  |TAMS 0x0000000082d00000| PB 0x0000000082d00000| Untracked 
|  46|0x0000000082e00000, 0x0000000082f00000, 0x0000000082f00000|100%| O|  |TAMS 0x0000000082e00000| PB 0x0000000082e00000| Untracked 
|  47|0x0000000082f00000, 0x0000000083000000, 0x0000000083000000|100%| O|  |TAMS 0x0000000082f00000| PB 0x0000000082f00000| Untracked 
|  48|0x0000000083000000, 0x0000000083100000, 0x0000000083100000|100%|HS|  |TAMS 0x0000000083000000| PB 0x0000000083000000| Complete 
|  49|0x0000000083100000, 0x0000000083200000, 0x0000000083200000|100%| O|  |TAMS 0x0000000083100000| PB 0x0000000083100000| Untracked 
|  50|0x0000000083200000, 0x0000000083300000, 0x0000000083300000|100%| O|  |TAMS 0x0000000083200000| PB 0x0000000083200000| Untracked 
|  51|0x0000000083300000, 0x0000000083400000, 0x0000000083400000|100%| O|  |TAMS 0x0000000083300000| PB 0x0000000083300000| Untracked 
|  52|0x0000000083400000, 0x0000000083500000, 0x0000000083500000|100%| O|  |TAMS 0x0000000083400000| PB 0x0000000083400000| Untracked 
|  53|0x0000000083500000, 0x0000000083600000, 0x0000000083600000|100%| O|  |TAMS 0x0000000083500000| PB 0x0000000083500000| Untracked 
|  54|0x0000000083600000, 0x0000000083700000, 0x0000000083700000|100%| O|  |TAMS 0x0000000083600000| PB 0x0000000083600000| Untracked 
|  55|0x0000000083700000, 0x0000000083800000, 0x0000000083800000|100%|HS|  |TAMS 0x0000000083700000| PB 0x0000000083700000| Complete 
|  56|0x0000000083800000, 0x0000000083900000, 0x0000000083900000|100%|HS|  |TAMS 0x0000000083800000| PB 0x0000000083800000| Complete 
|  57|0x0000000083900000, 0x0000000083a00000, 0x0000000083a00000|100%|HC|  |TAMS 0x0000000083900000| PB 0x0000000083900000| Complete 
|  58|0x0000000083a00000, 0x0000000083b00000, 0x0000000083b00000|100%|HS|  |TAMS 0x0000000083a00000| PB 0x0000000083a00000| Complete 
|  59|0x0000000083b00000, 0x0000000083c00000, 0x0000000083c00000|100%|HS|  |TAMS 0x0000000083b00000| PB 0x0000000083b00000| Complete 
|  60|0x0000000083c00000, 0x0000000083d00000, 0x0000000083d00000|100%| O|  |TAMS 0x0000000083c00000| PB 0x0000000083c00000| Untracked 
|  61|0x0000000083d00000, 0x0000000083e00000, 0x0000000083e00000|100%|HS|  |TAMS 0x0000000083d00000| PB 0x0000000083d00000| Complete 
|  62|0x0000000083e00000, 0x0000000083f00000, 0x0000000083f00000|100%|HS|  |TAMS 0x0000000083e00000| PB 0x0000000083e00000| Complete 
|  63|0x0000000083f00000, 0x0000000084000000, 0x0000000084000000|100%| O|  |TAMS 0x0000000083f00000| PB 0x0000000083f00000| Untracked 
|  64|0x0000000084000000, 0x0000000084100000, 0x0000000084100000|100%| O|  |TAMS 0x0000000084000000| PB 0x0000000084000000| Untracked 
|  65|0x0000000084100000, 0x0000000084200000, 0x0000000084200000|100%| O|  |TAMS 0x0000000084100000| PB 0x0000000084100000| Untracked 
|  66|0x0000000084200000, 0x0000000084300000, 0x0000000084300000|100%|HS|  |TAMS 0x0000000084200000| PB 0x0000000084200000| Complete 
|  67|0x0000000084300000, 0x0000000084400000, 0x0000000084400000|100%|HC|  |TAMS 0x0000000084300000| PB 0x0000000084300000| Complete 
|  68|0x0000000084400000, 0x0000000084500000, 0x0000000084500000|100%| O|  |TAMS 0x0000000084400000| PB 0x0000000084400000| Untracked 
|  69|0x0000000084500000, 0x0000000084600000, 0x0000000084600000|100%| O|  |TAMS 0x0000000084500000| PB 0x0000000084500000| Untracked 
|  70|0x0000000084600000, 0x0000000084700000, 0x0000000084700000|100%| O|  |TAMS 0x0000000084600000| PB 0x0000000084600000| Untracked 
|  71|0x0000000084700000, 0x0000000084800000, 0x0000000084800000|100%| O|  |TAMS 0x0000000084700000| PB 0x0000000084700000| Untracked 
|  72|0x0000000084800000, 0x0000000084900000, 0x0000000084900000|100%| O|  |TAMS 0x0000000084800000| PB 0x0000000084800000| Untracked 
|  73|0x0000000084900000, 0x0000000084a00000, 0x0000000084a00000|100%| O|  |TAMS 0x0000000084900000| PB 0x0000000084900000| Untracked 
|  74|0x0000000084a00000, 0x0000000084b00000, 0x0000000084b00000|100%| O|  |TAMS 0x0000000084a00000| PB 0x0000000084a00000| Untracked 
|  75|0x0000000084b00000, 0x0000000084c00000, 0x0000000084c00000|100%| O|  |TAMS 0x0000000084b00000| PB 0x0000000084b00000| Untracked 
|  76|0x0000000084c00000, 0x0000000084d00000, 0x0000000084d00000|100%| O|  |TAMS 0x0000000084c00000| PB 0x0000000084c00000| Untracked 
|  77|0x0000000084d00000, 0x0000000084e00000, 0x0000000084e00000|100%| O|  |TAMS 0x0000000084d00000| PB 0x0000000084d00000| Untracked 
|  78|0x0000000084e00000, 0x0000000084f00000, 0x0000000084f00000|100%|HS|  |TAMS 0x0000000084e00000| PB 0x0000000084e00000| Complete 
|  79|0x0000000084f00000, 0x0000000085000000, 0x0000000085000000|100%| O|  |TAMS 0x0000000084f00000| PB 0x0000000084f00000| Untracked 
|  80|0x0000000085000000, 0x0000000085100000, 0x0000000085100000|100%| O|  |TAMS 0x0000000085000000| PB 0x0000000085000000| Untracked 
|  81|0x0000000085100000, 0x0000000085200000, 0x0000000085200000|100%| O|  |TAMS 0x0000000085100000| PB 0x0000000085100000| Untracked 
|  82|0x0000000085200000, 0x0000000085300000, 0x0000000085300000|100%| O|  |TAMS 0x0000000085200000| PB 0x0000000085200000| Untracked 
|  83|0x0000000085300000, 0x0000000085400000, 0x0000000085400000|100%| O|  |TAMS 0x0000000085300000| PB 0x0000000085300000| Untracked 
|  84|0x0000000085400000, 0x0000000085500000, 0x0000000085500000|100%| O|  |TAMS 0x0000000085400000| PB 0x0000000085400000| Untracked 
|  85|0x0000000085500000, 0x0000000085600000, 0x0000000085600000|100%| O|  |TAMS 0x0000000085500000| PB 0x0000000085500000| Untracked 
|  86|0x0000000085600000, 0x0000000085700000, 0x0000000085700000|100%| O|  |TAMS 0x0000000085600000| PB 0x0000000085600000| Untracked 
|  87|0x0000000085700000, 0x0000000085800000, 0x0000000085800000|100%| O|  |TAMS 0x0000000085700000| PB 0x0000000085700000| Untracked 
|  88|0x0000000085800000, 0x0000000085900000, 0x0000000085900000|100%| O|  |TAMS 0x0000000085800000| PB 0x0000000085800000| Untracked 
|  89|0x0000000085900000, 0x0000000085a00000, 0x0000000085a00000|100%| O|  |TAMS 0x0000000085900000| PB 0x0000000085900000| Untracked 
|  90|0x0000000085a00000, 0x0000000085b00000, 0x0000000085b00000|100%| O|  |TAMS 0x0000000085a00000| PB 0x0000000085a00000| Untracked 
|  91|0x0000000085b00000, 0x0000000085c00000, 0x0000000085c00000|100%| O|  |TAMS 0x0000000085b00000| PB 0x0000000085b00000| Untracked 
|  92|0x0000000085c00000, 0x0000000085d00000, 0x0000000085d00000|100%| O|  |TAMS 0x0000000085c00000| PB 0x0000000085c00000| Untracked 
|  93|0x0000000085d00000, 0x0000000085e00000, 0x0000000085e00000|100%| O|  |TAMS 0x0000000085d00000| PB 0x0000000085d00000| Untracked 
|  94|0x0000000085e00000, 0x0000000085f00000, 0x0000000085f00000|100%| O|  |TAMS 0x0000000085e00000| PB 0x0000000085e00000| Untracked 
|  95|0x0000000085f00000, 0x0000000086000000, 0x0000000086000000|100%| O|  |TAMS 0x0000000085f00000| PB 0x0000000085f00000| Untracked 
|  96|0x0000000086000000, 0x0000000086100000, 0x0000000086100000|100%| O|  |TAMS 0x0000000086000000| PB 0x0000000086000000| Untracked 
|  97|0x0000000086100000, 0x0000000086200000, 0x0000000086200000|100%| O|  |TAMS 0x0000000086100000| PB 0x0000000086100000| Untracked 
|  98|0x0000000086200000, 0x0000000086300000, 0x0000000086300000|100%| O|  |TAMS 0x0000000086200000| PB 0x0000000086200000| Untracked 
|  99|0x0000000086300000, 0x0000000086400000, 0x0000000086400000|100%| O|  |TAMS 0x0000000086300000| PB 0x0000000086300000| Untracked 
| 100|0x0000000086400000, 0x0000000086500000, 0x0000000086500000|100%| O|  |TAMS 0x0000000086400000| PB 0x0000000086400000| Untracked 
| 101|0x0000000086500000, 0x0000000086600000, 0x0000000086600000|100%| O|  |TAMS 0x0000000086500000| PB 0x0000000086500000| Untracked 
| 102|0x0000000086600000, 0x0000000086700000, 0x0000000086700000|100%| O|  |TAMS 0x0000000086600000| PB 0x0000000086600000| Untracked 
| 103|0x0000000086700000, 0x0000000086800000, 0x0000000086800000|100%| O|  |TAMS 0x0000000086700000| PB 0x0000000086700000| Untracked 
| 104|0x0000000086800000, 0x0000000086900000, 0x0000000086900000|100%| O|  |TAMS 0x0000000086800000| PB 0x0000000086800000| Untracked 
| 105|0x0000000086900000, 0x0000000086a00000, 0x0000000086a00000|100%| O|  |TAMS 0x0000000086900000| PB 0x0000000086900000| Untracked 
| 106|0x0000000086a00000, 0x0000000086b00000, 0x0000000086b00000|100%| O|  |TAMS 0x0000000086a00000| PB 0x0000000086a00000| Untracked 
| 107|0x0000000086b00000, 0x0000000086c00000, 0x0000000086c00000|100%| O|  |TAMS 0x0000000086b00000| PB 0x0000000086b00000| Untracked 
| 108|0x0000000086c00000, 0x0000000086d00000, 0x0000000086d00000|100%| O|  |TAMS 0x0000000086c00000| PB 0x0000000086c00000| Untracked 
| 109|0x0000000086d00000, 0x0000000086e00000, 0x0000000086e00000|100%| O|  |TAMS 0x0000000086d00000| PB 0x0000000086d00000| Untracked 
| 110|0x0000000086e00000, 0x0000000086f00000, 0x0000000086f00000|100%| O|  |TAMS 0x0000000086e00000| PB 0x0000000086e00000| Untracked 
| 111|0x0000000086f00000, 0x0000000087000000, 0x0000000087000000|100%| O|  |TAMS 0x0000000086f00000| PB 0x0000000086f00000| Untracked 
| 112|0x0000000087000000, 0x0000000087000000, 0x0000000087100000|  0%| F|  |TAMS 0x0000000087000000| PB 0x0000000087000000| Untracked 
| 113|0x0000000087100000, 0x0000000087200000, 0x0000000087200000|100%| O|  |TAMS 0x0000000087100000| PB 0x0000000087100000| Untracked 
| 114|0x0000000087200000, 0x0000000087300000, 0x0000000087300000|100%| O|  |TAMS 0x0000000087200000| PB 0x0000000087200000| Untracked 
| 115|0x0000000087300000, 0x0000000087400000, 0x0000000087400000|100%| O|  |TAMS 0x0000000087300000| PB 0x0000000087300000| Untracked 
| 116|0x0000000087400000, 0x0000000087500000, 0x0000000087500000|100%| O|  |TAMS 0x0000000087400000| PB 0x0000000087400000| Untracked 
| 117|0x0000000087500000, 0x0000000087600000, 0x0000000087600000|100%| O|  |TAMS 0x0000000087500000| PB 0x0000000087500000| Untracked 
| 118|0x0000000087600000, 0x0000000087700000, 0x0000000087700000|100%| O|  |TAMS 0x0000000087600000| PB 0x0000000087600000| Untracked 
| 119|0x0000000087700000, 0x0000000087800000, 0x0000000087800000|100%| O|  |TAMS 0x0000000087700000| PB 0x0000000087700000| Untracked 
| 120|0x0000000087800000, 0x0000000087900000, 0x0000000087900000|100%| O|  |TAMS 0x0000000087800000| PB 0x0000000087800000| Untracked 
| 121|0x0000000087900000, 0x0000000087a00000, 0x0000000087a00000|100%| O|  |TAMS 0x0000000087900000| PB 0x0000000087900000| Untracked 
| 122|0x0000000087a00000, 0x0000000087b00000, 0x0000000087b00000|100%| O|  |TAMS 0x0000000087a00000| PB 0x0000000087a00000| Untracked 
| 123|0x0000000087b00000, 0x0000000087c00000, 0x0000000087c00000|100%| O|  |TAMS 0x0000000087b00000| PB 0x0000000087b00000| Untracked 
| 124|0x0000000087c00000, 0x0000000087d00000, 0x0000000087d00000|100%| O|  |TAMS 0x0000000087c00000| PB 0x0000000087c00000| Untracked 
| 125|0x0000000087d00000, 0x0000000087e00000, 0x0000000087e00000|100%| O|  |TAMS 0x0000000087d00000| PB 0x0000000087d00000| Untracked 
| 126|0x0000000087e00000, 0x0000000087f00000, 0x0000000087f00000|100%| O|  |TAMS 0x0000000087e00000| PB 0x0000000087e00000| Untracked 
| 127|0x0000000087f00000, 0x0000000088000000, 0x0000000088000000|100%| O|  |TAMS 0x0000000087f00000| PB 0x0000000087f00000| Untracked 
| 128|0x0000000088000000, 0x0000000088100000, 0x0000000088100000|100%| O|  |TAMS 0x0000000088000000| PB 0x0000000088000000| Untracked 
| 129|0x0000000088100000, 0x0000000088200000, 0x0000000088200000|100%| O|  |TAMS 0x0000000088100000| PB 0x0000000088100000| Untracked 
| 130|0x0000000088200000, 0x0000000088300000, 0x0000000088300000|100%| O|  |TAMS 0x0000000088200000| PB 0x0000000088200000| Untracked 
| 131|0x0000000088300000, 0x0000000088400000, 0x0000000088400000|100%| O|  |TAMS 0x0000000088300000| PB 0x0000000088300000| Untracked 
| 132|0x0000000088400000, 0x0000000088500000, 0x0000000088500000|100%| O|  |TAMS 0x0000000088400000| PB 0x0000000088400000| Untracked 
| 133|0x0000000088500000, 0x0000000088600000, 0x0000000088600000|100%| O|  |TAMS 0x0000000088500000| PB 0x0000000088500000| Untracked 
| 134|0x0000000088600000, 0x0000000088700000, 0x0000000088700000|100%| O|  |TAMS 0x0000000088600000| PB 0x0000000088600000| Untracked 
| 135|0x0000000088700000, 0x0000000088800000, 0x0000000088800000|100%| O|  |TAMS 0x0000000088700000| PB 0x0000000088700000| Untracked 
| 136|0x0000000088800000, 0x0000000088900000, 0x0000000088900000|100%| O|  |TAMS 0x0000000088800000| PB 0x0000000088800000| Untracked 
| 137|0x0000000088900000, 0x0000000088a00000, 0x0000000088a00000|100%| O|  |TAMS 0x0000000088900000| PB 0x0000000088900000| Untracked 
| 138|0x0000000088a00000, 0x0000000088b00000, 0x0000000088b00000|100%|HS|  |TAMS 0x0000000088a00000| PB 0x0000000088a00000| Complete 
| 139|0x0000000088b00000, 0x0000000088c00000, 0x0000000088c00000|100%|HC|  |TAMS 0x0000000088b00000| PB 0x0000000088b00000| Complete 
| 140|0x0000000088c00000, 0x0000000088d00000, 0x0000000088d00000|100%|HC|  |TAMS 0x0000000088c00000| PB 0x0000000088c00000| Complete 
| 141|0x0000000088d00000, 0x0000000088e00000, 0x0000000088e00000|100%| O|  |TAMS 0x0000000088d00000| PB 0x0000000088d00000| Untracked 
| 142|0x0000000088e00000, 0x0000000088f00000, 0x0000000088f00000|100%| O|  |TAMS 0x0000000088e00000| PB 0x0000000088e00000| Untracked 
| 143|0x0000000088f00000, 0x0000000089000000, 0x0000000089000000|100%| O|  |TAMS 0x0000000088f00000| PB 0x0000000088f00000| Untracked 
| 144|0x0000000089000000, 0x0000000089100000, 0x0000000089100000|100%| O|  |TAMS 0x0000000089000000| PB 0x0000000089000000| Untracked 
| 145|0x0000000089100000, 0x0000000089200000, 0x0000000089200000|100%| O|  |TAMS 0x0000000089100000| PB 0x0000000089100000| Untracked 
| 146|0x0000000089200000, 0x0000000089300000, 0x0000000089300000|100%| O|  |TAMS 0x0000000089200000| PB 0x0000000089200000| Untracked 
| 147|0x0000000089300000, 0x0000000089400000, 0x0000000089400000|100%| O|  |TAMS 0x0000000089300000| PB 0x0000000089300000| Untracked 
| 148|0x0000000089400000, 0x0000000089500000, 0x0000000089500000|100%| O|  |TAMS 0x0000000089400000| PB 0x0000000089400000| Untracked 
| 149|0x0000000089500000, 0x0000000089600000, 0x0000000089600000|100%| O|  |TAMS 0x0000000089500000| PB 0x0000000089500000| Untracked 
| 150|0x0000000089600000, 0x0000000089700000, 0x0000000089700000|100%| O|  |TAMS 0x0000000089600000| PB 0x0000000089600000| Untracked 
| 151|0x0000000089700000, 0x0000000089800000, 0x0000000089800000|100%| O|  |TAMS 0x0000000089700000| PB 0x0000000089700000| Untracked 
| 152|0x0000000089800000, 0x0000000089900000, 0x0000000089900000|100%| O|  |TAMS 0x0000000089800000| PB 0x0000000089800000| Untracked 
| 153|0x0000000089900000, 0x0000000089a00000, 0x0000000089a00000|100%| O|  |TAMS 0x0000000089900000| PB 0x0000000089900000| Untracked 
| 154|0x0000000089a00000, 0x0000000089b00000, 0x0000000089b00000|100%| O|  |TAMS 0x0000000089a00000| PB 0x0000000089a00000| Untracked 
| 155|0x0000000089b00000, 0x0000000089c00000, 0x0000000089c00000|100%| O|  |TAMS 0x0000000089b00000| PB 0x0000000089b00000| Untracked 
| 156|0x0000000089c00000, 0x0000000089d00000, 0x0000000089d00000|100%| O|  |TAMS 0x0000000089c00000| PB 0x0000000089c00000| Untracked 
| 157|0x0000000089d00000, 0x0000000089e00000, 0x0000000089e00000|100%| O|  |TAMS 0x0000000089d00000| PB 0x0000000089d00000| Untracked 
| 158|0x0000000089e00000, 0x0000000089f00000, 0x0000000089f00000|100%| O|  |TAMS 0x0000000089e00000| PB 0x0000000089e00000| Untracked 
| 159|0x0000000089f00000, 0x000000008a000000, 0x000000008a000000|100%| O|  |TAMS 0x0000000089f00000| PB 0x0000000089f00000| Untracked 
| 160|0x000000008a000000, 0x000000008a100000, 0x000000008a100000|100%| O|  |TAMS 0x000000008a000000| PB 0x000000008a000000| Untracked 
| 161|0x000000008a100000, 0x000000008a200000, 0x000000008a200000|100%| O|  |TAMS 0x000000008a100000| PB 0x000000008a100000| Untracked 
| 162|0x000000008a200000, 0x000000008a300000, 0x000000008a300000|100%| O|  |TAMS 0x000000008a200000| PB 0x000000008a200000| Untracked 
| 163|0x000000008a300000, 0x000000008a400000, 0x000000008a400000|100%| O|  |TAMS 0x000000008a300000| PB 0x000000008a300000| Untracked 
| 164|0x000000008a400000, 0x000000008a500000, 0x000000008a500000|100%| O|  |TAMS 0x000000008a400000| PB 0x000000008a400000| Untracked 
| 165|0x000000008a500000, 0x000000008a600000, 0x000000008a600000|100%| O|  |TAMS 0x000000008a500000| PB 0x000000008a500000| Untracked 
| 166|0x000000008a600000, 0x000000008a700000, 0x000000008a700000|100%| O|  |TAMS 0x000000008a600000| PB 0x000000008a600000| Untracked 
| 167|0x000000008a700000, 0x000000008a800000, 0x000000008a800000|100%| O|  |TAMS 0x000000008a700000| PB 0x000000008a700000| Untracked 
| 168|0x000000008a800000, 0x000000008a900000, 0x000000008a900000|100%| O|  |TAMS 0x000000008a800000| PB 0x000000008a800000| Untracked 
| 169|0x000000008a900000, 0x000000008aa00000, 0x000000008aa00000|100%| O|  |TAMS 0x000000008a900000| PB 0x000000008a900000| Untracked 
| 170|0x000000008aa00000, 0x000000008ab00000, 0x000000008ab00000|100%| O|  |TAMS 0x000000008aa00000| PB 0x000000008aa00000| Untracked 
| 171|0x000000008ab00000, 0x000000008ac00000, 0x000000008ac00000|100%| O|  |TAMS 0x000000008ab00000| PB 0x000000008ab00000| Untracked 
| 172|0x000000008ac00000, 0x000000008ad00000, 0x000000008ad00000|100%| O|  |TAMS 0x000000008ac00000| PB 0x000000008ac00000| Untracked 
| 173|0x000000008ad00000, 0x000000008ae00000, 0x000000008ae00000|100%| O|  |TAMS 0x000000008ad00000| PB 0x000000008ad00000| Untracked 
| 174|0x000000008ae00000, 0x000000008af00000, 0x000000008af00000|100%|HS|  |TAMS 0x000000008ae00000| PB 0x000000008ae00000| Complete 
| 175|0x000000008af00000, 0x000000008b000000, 0x000000008b000000|100%|HC|  |TAMS 0x000000008af00000| PB 0x000000008af00000| Complete 
| 176|0x000000008b000000, 0x000000008b100000, 0x000000008b100000|100%|HC|  |TAMS 0x000000008b000000| PB 0x000000008b000000| Complete 
| 177|0x000000008b100000, 0x000000008b200000, 0x000000008b200000|100%| O|  |TAMS 0x000000008b100000| PB 0x000000008b100000| Untracked 
| 178|0x000000008b200000, 0x000000008b300000, 0x000000008b300000|100%| O|  |TAMS 0x000000008b200000| PB 0x000000008b200000| Untracked 
| 179|0x000000008b300000, 0x000000008b400000, 0x000000008b400000|100%| O|  |TAMS 0x000000008b300000| PB 0x000000008b300000| Untracked 
| 180|0x000000008b400000, 0x000000008b500000, 0x000000008b500000|100%| O|  |TAMS 0x000000008b400000| PB 0x000000008b400000| Untracked 
| 181|0x000000008b500000, 0x000000008b600000, 0x000000008b600000|100%| O|  |TAMS 0x000000008b500000| PB 0x000000008b500000| Untracked 
| 182|0x000000008b600000, 0x000000008b700000, 0x000000008b700000|100%| O|  |TAMS 0x000000008b600000| PB 0x000000008b600000| Untracked 
| 183|0x000000008b700000, 0x000000008b800000, 0x000000008b800000|100%| O|  |TAMS 0x000000008b700000| PB 0x000000008b700000| Untracked 
| 184|0x000000008b800000, 0x000000008b900000, 0x000000008b900000|100%|HS|  |TAMS 0x000000008b800000| PB 0x000000008b800000| Complete 
| 185|0x000000008b900000, 0x000000008ba00000, 0x000000008ba00000|100%|HC|  |TAMS 0x000000008b900000| PB 0x000000008b900000| Complete 
| 186|0x000000008ba00000, 0x000000008bb00000, 0x000000008bb00000|100%|HS|  |TAMS 0x000000008ba00000| PB 0x000000008ba00000| Complete 
| 187|0x000000008bb00000, 0x000000008bc00000, 0x000000008bc00000|100%|HC|  |TAMS 0x000000008bb00000| PB 0x000000008bb00000| Complete 
| 188|0x000000008bc00000, 0x000000008bd00000, 0x000000008bd00000|100%| O|  |TAMS 0x000000008bc00000| PB 0x000000008bc00000| Untracked 
| 189|0x000000008bd00000, 0x000000008be00000, 0x000000008be00000|100%| O|  |TAMS 0x000000008bd00000| PB 0x000000008bd00000| Untracked 
| 190|0x000000008be00000, 0x000000008bf00000, 0x000000008bf00000|100%| O|  |TAMS 0x000000008be00000| PB 0x000000008be00000| Untracked 
| 191|0x000000008bf00000, 0x000000008c000000, 0x000000008c000000|100%| O|  |TAMS 0x000000008bf00000| PB 0x000000008bf00000| Untracked 
| 192|0x000000008c000000, 0x000000008c100000, 0x000000008c100000|100%| O|  |TAMS 0x000000008c000000| PB 0x000000008c000000| Untracked 
| 193|0x000000008c100000, 0x000000008c200000, 0x000000008c200000|100%| O|  |TAMS 0x000000008c100000| PB 0x000000008c100000| Untracked 
| 194|0x000000008c200000, 0x000000008c300000, 0x000000008c300000|100%| O|  |TAMS 0x000000008c200000| PB 0x000000008c200000| Untracked 
| 195|0x000000008c300000, 0x000000008c400000, 0x000000008c400000|100%| O|  |TAMS 0x000000008c300000| PB 0x000000008c300000| Untracked 
| 196|0x000000008c400000, 0x000000008c500000, 0x000000008c500000|100%| O|  |TAMS 0x000000008c400000| PB 0x000000008c400000| Untracked 
| 197|0x000000008c500000, 0x000000008c600000, 0x000000008c600000|100%| O|  |TAMS 0x000000008c500000| PB 0x000000008c500000| Untracked 
| 198|0x000000008c600000, 0x000000008c700000, 0x000000008c700000|100%| O|  |TAMS 0x000000008c600000| PB 0x000000008c600000| Untracked 
| 199|0x000000008c700000, 0x000000008c800000, 0x000000008c800000|100%| O|  |TAMS 0x000000008c700000| PB 0x000000008c700000| Untracked 
| 200|0x000000008c800000, 0x000000008c900000, 0x000000008c900000|100%| O|  |TAMS 0x000000008c800000| PB 0x000000008c800000| Untracked 
| 201|0x000000008c900000, 0x000000008ca00000, 0x000000008ca00000|100%| O|  |TAMS 0x000000008c900000| PB 0x000000008c900000| Untracked 
| 202|0x000000008ca00000, 0x000000008cb00000, 0x000000008cb00000|100%| O|  |TAMS 0x000000008ca00000| PB 0x000000008ca00000| Untracked 
| 203|0x000000008cb00000, 0x000000008cc00000, 0x000000008cc00000|100%| O|  |TAMS 0x000000008cb00000| PB 0x000000008cb00000| Untracked 
| 204|0x000000008cc00000, 0x000000008cd00000, 0x000000008cd00000|100%| O|  |TAMS 0x000000008cc00000| PB 0x000000008cc00000| Untracked 
| 205|0x000000008cd00000, 0x000000008ce00000, 0x000000008ce00000|100%| O|  |TAMS 0x000000008cd00000| PB 0x000000008cd00000| Untracked 
| 206|0x000000008ce00000, 0x000000008cf00000, 0x000000008cf00000|100%| O|  |TAMS 0x000000008ce00000| PB 0x000000008ce00000| Untracked 
| 207|0x000000008cf00000, 0x000000008d000000, 0x000000008d000000|100%| O|  |TAMS 0x000000008cf00000| PB 0x000000008cf00000| Untracked 
| 208|0x000000008d000000, 0x000000008d100000, 0x000000008d100000|100%| O|  |TAMS 0x000000008d000000| PB 0x000000008d000000| Untracked 
| 209|0x000000008d100000, 0x000000008d200000, 0x000000008d200000|100%| O|  |TAMS 0x000000008d100000| PB 0x000000008d100000| Untracked 
| 210|0x000000008d200000, 0x000000008d300000, 0x000000008d300000|100%| O|  |TAMS 0x000000008d200000| PB 0x000000008d200000| Untracked 
| 211|0x000000008d300000, 0x000000008d380000, 0x000000008d400000| 50%| O|  |TAMS 0x000000008d300000| PB 0x000000008d300000| Untracked 
| 212|0x000000008d400000, 0x000000008d400000, 0x000000008d500000|  0%| F|  |TAMS 0x000000008d400000| PB 0x000000008d400000| Untracked 
| 213|0x000000008d500000, 0x000000008d500000, 0x000000008d600000|  0%| F|  |TAMS 0x000000008d500000| PB 0x000000008d500000| Untracked 
| 214|0x000000008d600000, 0x000000008d600000, 0x000000008d700000|  0%| F|  |TAMS 0x000000008d600000| PB 0x000000008d600000| Untracked 
| 215|0x000000008d700000, 0x000000008d700000, 0x000000008d800000|  0%| F|  |TAMS 0x000000008d700000| PB 0x000000008d700000| Untracked 
| 216|0x000000008d800000, 0x000000008d800000, 0x000000008d900000|  0%| F|  |TAMS 0x000000008d800000| PB 0x000000008d800000| Untracked 
| 217|0x000000008d900000, 0x000000008d900000, 0x000000008da00000|  0%| F|  |TAMS 0x000000008d900000| PB 0x000000008d900000| Untracked 
| 218|0x000000008da00000, 0x000000008da00000, 0x000000008db00000|  0%| F|  |TAMS 0x000000008da00000| PB 0x000000008da00000| Untracked 
| 219|0x000000008db00000, 0x000000008db00000, 0x000000008dc00000|  0%| F|  |TAMS 0x000000008db00000| PB 0x000000008db00000| Untracked 
| 220|0x000000008dc00000, 0x000000008dc00000, 0x000000008dd00000|  0%| F|  |TAMS 0x000000008dc00000| PB 0x000000008dc00000| Untracked 
| 221|0x000000008dd00000, 0x000000008dd00000, 0x000000008de00000|  0%| F|  |TAMS 0x000000008dd00000| PB 0x000000008dd00000| Untracked 
| 222|0x000000008de00000, 0x000000008de00000, 0x000000008df00000|  0%| F|  |TAMS 0x000000008de00000| PB 0x000000008de00000| Untracked 
| 223|0x000000008df00000, 0x000000008df00000, 0x000000008e000000|  0%| F|  |TAMS 0x000000008df00000| PB 0x000000008df00000| Untracked 
| 224|0x000000008e000000, 0x000000008e000000, 0x000000008e100000|  0%| F|  |TAMS 0x000000008e000000| PB 0x000000008e000000| Untracked 
| 225|0x000000008e100000, 0x000000008e100000, 0x000000008e200000|  0%| F|  |TAMS 0x000000008e100000| PB 0x000000008e100000| Untracked 
| 226|0x000000008e200000, 0x000000008e200000, 0x000000008e300000|  0%| F|  |TAMS 0x000000008e200000| PB 0x000000008e200000| Untracked 
| 227|0x000000008e300000, 0x000000008e300000, 0x000000008e400000|  0%| F|  |TAMS 0x000000008e300000| PB 0x000000008e300000| Untracked 
| 228|0x000000008e400000, 0x000000008e400000, 0x000000008e500000|  0%| F|  |TAMS 0x000000008e400000| PB 0x000000008e400000| Untracked 
| 229|0x000000008e500000, 0x000000008e500000, 0x000000008e600000|  0%| F|  |TAMS 0x000000008e500000| PB 0x000000008e500000| Untracked 
| 230|0x000000008e600000, 0x000000008e600000, 0x000000008e700000|  0%| F|  |TAMS 0x000000008e600000| PB 0x000000008e600000| Untracked 
| 231|0x000000008e700000, 0x000000008e700000, 0x000000008e800000|  0%| F|  |TAMS 0x000000008e700000| PB 0x000000008e700000| Untracked 
| 232|0x000000008e800000, 0x000000008e800000, 0x000000008e900000|  0%| F|  |TAMS 0x000000008e800000| PB 0x000000008e800000| Untracked 
| 233|0x000000008e900000, 0x000000008e900000, 0x000000008ea00000|  0%| F|  |TAMS 0x000000008e900000| PB 0x000000008e900000| Untracked 
| 234|0x000000008ea00000, 0x000000008ea00000, 0x000000008eb00000|  0%| F|  |TAMS 0x000000008ea00000| PB 0x000000008ea00000| Untracked 
| 235|0x000000008eb00000, 0x000000008eb00000, 0x000000008ec00000|  0%| F|  |TAMS 0x000000008eb00000| PB 0x000000008eb00000| Untracked 
| 236|0x000000008ec00000, 0x000000008ec00000, 0x000000008ed00000|  0%| F|  |TAMS 0x000000008ec00000| PB 0x000000008ec00000| Untracked 
| 237|0x000000008ed00000, 0x000000008ed00000, 0x000000008ee00000|  0%| F|  |TAMS 0x000000008ed00000| PB 0x000000008ed00000| Untracked 
| 238|0x000000008ee00000, 0x000000008ee00000, 0x000000008ef00000|  0%| F|  |TAMS 0x000000008ee00000| PB 0x000000008ee00000| Untracked 
| 239|0x000000008ef00000, 0x000000008ef00000, 0x000000008f000000|  0%| F|  |TAMS 0x000000008ef00000| PB 0x000000008ef00000| Untracked 
| 240|0x000000008f000000, 0x000000008f000000, 0x000000008f100000|  0%| F|  |TAMS 0x000000008f000000| PB 0x000000008f000000| Untracked 
| 241|0x000000008f100000, 0x000000008f100000, 0x000000008f200000|  0%| F|  |TAMS 0x000000008f100000| PB 0x000000008f100000| Untracked 
| 242|0x000000008f200000, 0x000000008f200000, 0x000000008f300000|  0%| F|  |TAMS 0x000000008f200000| PB 0x000000008f200000| Untracked 
| 243|0x000000008f300000, 0x000000008f300000, 0x000000008f400000|  0%| F|  |TAMS 0x000000008f300000| PB 0x000000008f300000| Untracked 
| 244|0x000000008f400000, 0x000000008f400000, 0x000000008f500000|  0%| F|  |TAMS 0x000000008f400000| PB 0x000000008f400000| Untracked 
| 245|0x000000008f500000, 0x000000008f500000, 0x000000008f600000|  0%| F|  |TAMS 0x000000008f500000| PB 0x000000008f500000| Untracked 
| 246|0x000000008f600000, 0x000000008f600000, 0x000000008f700000|  0%| F|  |TAMS 0x000000008f600000| PB 0x000000008f600000| Untracked 
| 247|0x000000008f700000, 0x000000008f700000, 0x000000008f800000|  0%| F|  |TAMS 0x000000008f700000| PB 0x000000008f700000| Untracked 
| 248|0x000000008f800000, 0x000000008f800000, 0x000000008f900000|  0%| F|  |TAMS 0x000000008f800000| PB 0x000000008f800000| Untracked 
| 249|0x000000008f900000, 0x000000008f900000, 0x000000008fa00000|  0%| F|  |TAMS 0x000000008f900000| PB 0x000000008f900000| Untracked 
| 250|0x000000008fa00000, 0x000000008fa00000, 0x000000008fb00000|  0%| F|  |TAMS 0x000000008fa00000| PB 0x000000008fa00000| Untracked 
| 251|0x000000008fb00000, 0x000000008fb00000, 0x000000008fc00000|  0%| F|  |TAMS 0x000000008fb00000| PB 0x000000008fb00000| Untracked 
| 252|0x000000008fc00000, 0x000000008fc00000, 0x000000008fd00000|  0%| F|  |TAMS 0x000000008fc00000| PB 0x000000008fc00000| Untracked 
| 253|0x000000008fd00000, 0x000000008fd00000, 0x000000008fe00000|  0%| F|  |TAMS 0x000000008fd00000| PB 0x000000008fd00000| Untracked 
| 254|0x000000008fe00000, 0x000000008fe00000, 0x000000008ff00000|  0%| F|  |TAMS 0x000000008fe00000| PB 0x000000008fe00000| Untracked 
| 255|0x000000008ff00000, 0x000000008ff00000, 0x0000000090000000|  0%| F|  |TAMS 0x000000008ff00000| PB 0x000000008ff00000| Untracked 
| 256|0x0000000090000000, 0x0000000090000000, 0x0000000090100000|  0%| F|  |TAMS 0x0000000090000000| PB 0x0000000090000000| Untracked 
| 257|0x0000000090100000, 0x0000000090100000, 0x0000000090200000|  0%| F|  |TAMS 0x0000000090100000| PB 0x0000000090100000| Untracked 
| 258|0x0000000090200000, 0x0000000090200000, 0x0000000090300000|  0%| F|  |TAMS 0x0000000090200000| PB 0x0000000090200000| Untracked 
| 259|0x0000000090300000, 0x0000000090300000, 0x0000000090400000|  0%| F|  |TAMS 0x0000000090300000| PB 0x0000000090300000| Untracked 
| 260|0x0000000090400000, 0x0000000090400000, 0x0000000090500000|  0%| F|  |TAMS 0x0000000090400000| PB 0x0000000090400000| Untracked 
| 261|0x0000000090500000, 0x0000000090500000, 0x0000000090600000|  0%| F|  |TAMS 0x0000000090500000| PB 0x0000000090500000| Untracked 
| 262|0x0000000090600000, 0x0000000090600000, 0x0000000090700000|  0%| F|  |TAMS 0x0000000090600000| PB 0x0000000090600000| Untracked 
| 263|0x0000000090700000, 0x0000000090700000, 0x0000000090800000|  0%| F|  |TAMS 0x0000000090700000| PB 0x0000000090700000| Untracked 
| 264|0x0000000090800000, 0x0000000090900000, 0x0000000090900000|100%| S|CS|TAMS 0x0000000090800000| PB 0x0000000090800000| Complete 
| 265|0x0000000090900000, 0x0000000090a00000, 0x0000000090a00000|100%| S|CS|TAMS 0x0000000090900000| PB 0x0000000090900000| Complete 
| 266|0x0000000090a00000, 0x0000000090b00000, 0x0000000090b00000|100%| S|CS|TAMS 0x0000000090a00000| PB 0x0000000090a00000| Complete 
| 267|0x0000000090b00000, 0x0000000090c00000, 0x0000000090c00000|100%| S|CS|TAMS 0x0000000090b00000| PB 0x0000000090b00000| Complete 
| 268|0x0000000090c00000, 0x0000000090d00000, 0x0000000090d00000|100%| S|CS|TAMS 0x0000000090c00000| PB 0x0000000090c00000| Complete 
| 269|0x0000000090d00000, 0x0000000090e00000, 0x0000000090e00000|100%| S|CS|TAMS 0x0000000090d00000| PB 0x0000000090d00000| Complete 
| 270|0x0000000090e00000, 0x0000000090f00000, 0x0000000090f00000|100%| S|CS|TAMS 0x0000000090e00000| PB 0x0000000090e00000| Complete 
| 271|0x0000000090f00000, 0x0000000090f00000, 0x0000000091000000|  0%| F|  |TAMS 0x0000000090f00000| PB 0x0000000090f00000| Untracked 
| 272|0x0000000091000000, 0x0000000091000000, 0x0000000091100000|  0%| F|  |TAMS 0x0000000091000000| PB 0x0000000091000000| Untracked 
| 273|0x0000000091100000, 0x0000000091100000, 0x0000000091200000|  0%| F|  |TAMS 0x0000000091100000| PB 0x0000000091100000| Untracked 
| 274|0x0000000091200000, 0x0000000091200000, 0x0000000091300000|  0%| F|  |TAMS 0x0000000091200000| PB 0x0000000091200000| Untracked 
| 275|0x0000000091300000, 0x0000000091300000, 0x0000000091400000|  0%| F|  |TAMS 0x0000000091300000| PB 0x0000000091300000| Untracked 
| 276|0x0000000091400000, 0x0000000091400000, 0x0000000091500000|  0%| F|  |TAMS 0x0000000091400000| PB 0x0000000091400000| Untracked 
| 277|0x0000000091500000, 0x0000000091500000, 0x0000000091600000|  0%| F|  |TAMS 0x0000000091500000| PB 0x0000000091500000| Untracked 
| 278|0x0000000091600000, 0x0000000091600000, 0x0000000091700000|  0%| F|  |TAMS 0x0000000091600000| PB 0x0000000091600000| Untracked 
| 279|0x0000000091700000, 0x0000000091700000, 0x0000000091800000|  0%| F|  |TAMS 0x0000000091700000| PB 0x0000000091700000| Untracked 
| 280|0x0000000091800000, 0x0000000091800000, 0x0000000091900000|  0%| F|  |TAMS 0x0000000091800000| PB 0x0000000091800000| Untracked 
| 281|0x0000000091900000, 0x0000000091900000, 0x0000000091a00000|  0%| F|  |TAMS 0x0000000091900000| PB 0x0000000091900000| Untracked 
| 282|0x0000000091a00000, 0x0000000091a00000, 0x0000000091b00000|  0%| F|  |TAMS 0x0000000091a00000| PB 0x0000000091a00000| Untracked 
| 283|0x0000000091b00000, 0x0000000091b00000, 0x0000000091c00000|  0%| F|  |TAMS 0x0000000091b00000| PB 0x0000000091b00000| Untracked 
| 284|0x0000000091c00000, 0x0000000091c00000, 0x0000000091d00000|  0%| F|  |TAMS 0x0000000091c00000| PB 0x0000000091c00000| Untracked 
| 285|0x0000000091d00000, 0x0000000091d00000, 0x0000000091e00000|  0%| F|  |TAMS 0x0000000091d00000| PB 0x0000000091d00000| Untracked 
| 286|0x0000000091e00000, 0x0000000091e00000, 0x0000000091f00000|  0%| F|  |TAMS 0x0000000091e00000| PB 0x0000000091e00000| Untracked 
| 287|0x0000000091f00000, 0x0000000091f00000, 0x0000000092000000|  0%| F|  |TAMS 0x0000000091f00000| PB 0x0000000091f00000| Untracked 
| 288|0x0000000092000000, 0x0000000092000000, 0x0000000092100000|  0%| F|  |TAMS 0x0000000092000000| PB 0x0000000092000000| Untracked 
| 289|0x0000000092100000, 0x0000000092100000, 0x0000000092200000|  0%| F|  |TAMS 0x0000000092100000| PB 0x0000000092100000| Untracked 
| 290|0x0000000092200000, 0x0000000092200000, 0x0000000092300000|  0%| F|  |TAMS 0x0000000092200000| PB 0x0000000092200000| Untracked 
| 291|0x0000000092300000, 0x0000000092300000, 0x0000000092400000|  0%| F|  |TAMS 0x0000000092300000| PB 0x0000000092300000| Untracked 
| 292|0x0000000092400000, 0x0000000092400000, 0x0000000092500000|  0%| F|  |TAMS 0x0000000092400000| PB 0x0000000092400000| Untracked 
| 293|0x0000000092500000, 0x0000000092500000, 0x0000000092600000|  0%| F|  |TAMS 0x0000000092500000| PB 0x0000000092500000| Untracked 
| 294|0x0000000092600000, 0x0000000092600000, 0x0000000092700000|  0%| F|  |TAMS 0x0000000092600000| PB 0x0000000092600000| Untracked 
| 295|0x0000000092700000, 0x0000000092700000, 0x0000000092800000|  0%| F|  |TAMS 0x0000000092700000| PB 0x0000000092700000| Untracked 
| 296|0x0000000092800000, 0x0000000092800000, 0x0000000092900000|  0%| F|  |TAMS 0x0000000092800000| PB 0x0000000092800000| Untracked 
| 297|0x0000000092900000, 0x0000000092900000, 0x0000000092a00000|  0%| F|  |TAMS 0x0000000092900000| PB 0x0000000092900000| Untracked 
| 298|0x0000000092a00000, 0x0000000092a00000, 0x0000000092b00000|  0%| F|  |TAMS 0x0000000092a00000| PB 0x0000000092a00000| Untracked 
| 299|0x0000000092b00000, 0x0000000092b00000, 0x0000000092c00000|  0%| F|  |TAMS 0x0000000092b00000| PB 0x0000000092b00000| Untracked 
| 300|0x0000000092c00000, 0x0000000092c00000, 0x0000000092d00000|  0%| F|  |TAMS 0x0000000092c00000| PB 0x0000000092c00000| Untracked 
| 301|0x0000000092d00000, 0x0000000092d00000, 0x0000000092e00000|  0%| F|  |TAMS 0x0000000092d00000| PB 0x0000000092d00000| Untracked 
| 302|0x0000000092e00000, 0x0000000092e00000, 0x0000000092f00000|  0%| F|  |TAMS 0x0000000092e00000| PB 0x0000000092e00000| Untracked 
| 303|0x0000000092f00000, 0x0000000092f00000, 0x0000000093000000|  0%| F|  |TAMS 0x0000000092f00000| PB 0x0000000092f00000| Untracked 
| 304|0x0000000093000000, 0x0000000093000000, 0x0000000093100000|  0%| F|  |TAMS 0x0000000093000000| PB 0x0000000093000000| Untracked 
| 305|0x0000000093100000, 0x0000000093100000, 0x0000000093200000|  0%| F|  |TAMS 0x0000000093100000| PB 0x0000000093100000| Untracked 
|2029|0x00000000fed00000, 0x00000000fee00000, 0x00000000fee00000|100%| O|  |TAMS 0x00000000fed00000| PB 0x00000000fed00000| Untracked 
|2030|0x00000000fee00000, 0x00000000fef00000, 0x00000000fef00000|100%| O|  |TAMS 0x00000000fee00000| PB 0x00000000fee00000| Untracked 
|2031|0x00000000fef00000, 0x00000000ff000000, 0x00000000ff000000|100%| O|  |TAMS 0x00000000fef00000| PB 0x00000000fef00000| Untracked 
|2032|0x00000000ff000000, 0x00000000ff100000, 0x00000000ff100000|100%| O|  |TAMS 0x00000000ff000000| PB 0x00000000ff000000| Untracked 
|2033|0x00000000ff100000, 0x00000000ff200000, 0x00000000ff200000|100%| O|  |TAMS 0x00000000ff100000| PB 0x00000000ff100000| Untracked 
|2034|0x00000000ff200000, 0x00000000ff300000, 0x00000000ff300000|100%| O|  |TAMS 0x00000000ff200000| PB 0x00000000ff200000| Untracked 
|2035|0x00000000ff300000, 0x00000000ff300000, 0x00000000ff400000|  0%| F|  |TAMS 0x00000000ff300000| PB 0x00000000ff300000| Untracked 
|2036|0x00000000ff400000, 0x00000000ff400000, 0x00000000ff500000|  0%| F|  |TAMS 0x00000000ff400000| PB 0x00000000ff400000| Untracked 
|2037|0x00000000ff500000, 0x00000000ff500000, 0x00000000ff600000|  0%| F|  |TAMS 0x00000000ff500000| PB 0x00000000ff500000| Untracked 
|2038|0x00000000ff600000, 0x00000000ff600000, 0x00000000ff700000|  0%| F|  |TAMS 0x00000000ff600000| PB 0x00000000ff600000| Untracked 
|2039|0x00000000ff700000, 0x00000000ff800000, 0x00000000ff800000|100%| O|  |TAMS 0x00000000ff700000| PB 0x00000000ff700000| Untracked 
|2040|0x00000000ff800000, 0x00000000ff900000, 0x00000000ff900000|100%| O|  |TAMS 0x00000000ff800000| PB 0x00000000ff800000| Untracked 
|2041|0x00000000ff900000, 0x00000000ffa00000, 0x00000000ffa00000|100%| O|  |TAMS 0x00000000ff900000| PB 0x00000000ff900000| Untracked 
|2042|0x00000000ffa00000, 0x00000000ffb00000, 0x00000000ffb00000|100%| O|  |TAMS 0x00000000ffa00000| PB 0x00000000ffa00000| Untracked 
|2043|0x00000000ffb00000, 0x00000000ffc00000, 0x00000000ffc00000|100%| O|  |TAMS 0x00000000ffb00000| PB 0x00000000ffb00000| Untracked 
|2044|0x00000000ffc00000, 0x00000000ffd00000, 0x00000000ffd00000|100%| O|  |TAMS 0x00000000ffc00000| PB 0x00000000ffc00000| Untracked 
|2045|0x00000000ffd00000, 0x00000000ffd00000, 0x00000000ffe00000|  0%| F|  |TAMS 0x00000000ffd00000| PB 0x00000000ffd00000| Untracked 
|2046|0x00000000ffe00000, 0x00000000ffe00000, 0x00000000fff00000|  0%| F|  |TAMS 0x00000000ffe00000| PB 0x00000000ffe00000| Untracked 
|2047|0x00000000fff00000, 0x00000000fff00000, 0x0000000100000000|  0%| F|  |TAMS 0x00000000fff00000| PB 0x00000000fff00000| Untracked 

Card table byte_map: [0x000002d668680000,0x000002d668a80000] _byte_map_base: 0x000002d668280000

Marking Bits: (CMBitMap*) 0x000002d656174ac0
 Bits: [0x000002d668a80000, 0x000002d66aa80000)

Polling page: 0x000002d654000000

Metaspace:

Usage:
  Non-class:    147.38 MB used.
      Class:     22.76 MB used.
       Both:    170.14 MB used.

Virtual space:
  Non-class space:      192.00 MB reserved,     148.12 MB ( 77%) committed,  3 nodes.
      Class space:        1.00 GB reserved,      23.50 MB (  2%) committed,  1 nodes.
             Both:        1.19 GB reserved,     171.62 MB ( 14%) committed. 

Chunk freelists:
   Non-Class:  11.44 MB
       Class:  8.60 MB
        Both:  20.04 MB

MaxMetaspaceSize: unlimited
CompressedClassSpaceSize: 1.00 GB
Initial GC threshold: 21.00 MB
Current GC threshold: 273.25 MB
CDS: off
 - commit_granule_bytes: 65536.
 - commit_granule_words: 8192.
 - virtual_space_node_default_size: 8388608.
 - enlarge_chunks_in_place: 1.
 - use_allocation_guard: 0.


Internal statistics:

num_allocs_failed_limit: 6.
num_arena_births: 5282.
num_arena_deaths: 2594.
num_vsnodes_births: 4.
num_vsnodes_deaths: 0.
num_space_committed: 2744.
num_space_uncommitted: 1.
num_chunks_returned_to_freelist: 2947.
num_chunks_taken_from_freelist: 13747.
num_chunk_merges: 1045.
num_chunk_splits: 8335.
num_chunks_enlarged: 5511.
num_inconsistent_stats: 0.

CodeHeap 'non-profiled nmethods': size=120000Kb used=15159Kb max_used=15159Kb free=104840Kb
 bounds [0x000002d660d50000, 0x000002d661c20000, 0x000002d668280000]
CodeHeap 'profiled nmethods': size=120000Kb used=43069Kb max_used=43069Kb free=76930Kb
 bounds [0x000002d659280000, 0x000002d65bc90000, 0x000002d6607b0000]
CodeHeap 'non-nmethods': size=5760Kb used=2159Kb max_used=2241Kb free=3600Kb
 bounds [0x000002d6607b0000, 0x000002d660a20000, 0x000002d660d50000]
CodeCache: size=245760Kb, used=60387Kb, max_used=60469Kb, free=185370Kb
 total_blobs=22290, nmethods=21271, adapters=920, full_count=0
Compilation: enabled, stopped_count=0, restarted_count=0

Compilation events (20 events):
Event: 3205.887 Thread 0x000002d66d155060 nmethod 26165 0x000002d65bc8a710 code [0x000002d65bc8a8e0, 0x000002d65bc8ac08]
Event: 3205.891 Thread 0x000002d66d155060 26166       3       com.sun.tools.javac.comp.Attr::attribTypes (17 bytes)
Event: 3205.891 Thread 0x000002d66d155060 nmethod 26166 0x000002d65bc8ae10 code [0x000002d65bc8afc0, 0x000002d65bc8b168]
Event: 3205.891 Thread 0x000002d66d155060 26167       3       com.sun.tools.javac.code.Types$HasSameArgs::visitForAll (10 bytes)
Event: 3205.891 Thread 0x000002d66d155060 nmethod 26167 0x000002d65bc8b290 code [0x000002d65bc8b440, 0x000002d65bc8b678]
Event: 3205.892 Thread 0x000002d66d155060 26168       3       com.sun.tools.javac.code.Types$HasSameArgs::visitForAll (99 bytes)
Event: 3205.893 Thread 0x000002d66d155060 nmethod 26168 0x000002d65bc8b790 code [0x000002d65bc8ba20, 0x000002d65bc8c648]
Event: 3205.893 Thread 0x000002d66d155060 26169       3       com.sun.tools.javac.comp.Infer$BoundFilter::test (9 bytes)
Event: 3205.894 Thread 0x000002d66d155060 nmethod 26169 0x000002d65bc8ca10 code [0x000002d65bc8cc20, 0x000002d65bc8d2f8]
Event: 3205.895 Thread 0x000002d66d155060 26170       3       com.sun.tools.javac.comp.Infer$CheckBounds::<init> (16 bytes)
Event: 3205.895 Thread 0x000002d66d14f130 26171       4       java.util.RegularEnumSet::iterator (9 bytes)
Event: 3205.896 Thread 0x000002d66d155060 nmethod 26170 0x000002d65bc8d510 code [0x000002d65bc8d700, 0x000002d65bc8dd10]
Event: 3205.897 Thread 0x000002d66d14f130 nmethod 26171 0x000002d661c1db90 code [0x000002d661c1dd20, 0x000002d661c1de18]
Event: 3205.898 Thread 0x000002d66d155060 26172       3       com.sun.tools.javac.comp.DeferredAttr$FilterScanner::scan (31 bytes)
Event: 3205.898 Thread 0x000002d66d155060 nmethod 26172 0x000002d65bc8df10 code [0x000002d65bc8e100, 0x000002d65bc8e5a0]
Event: 3205.905 Thread 0x000002d66d155060 26173       3       com.sun.tools.javac.comp.Operators$$Lambda/0x00000001012a62c8::apply (12 bytes)
Event: 3205.905 Thread 0x000002d66d155060 nmethod 26173 0x000002d65bc8e710 code [0x000002d65bc8e8e0, 0x000002d65bc8ed40]
Event: 3205.905 Thread 0x000002d66d155060 26174       3       com.sun.tools.javac.comp.Operators::lambda$makeOperator$6 (9 bytes)
Event: 3205.906 Thread 0x000002d66d155060 nmethod 26174 0x000002d65bc8ef10 code [0x000002d65bc8f0e0, 0x000002d65bc8f3f8]
Event: 3205.910 Thread 0x000002d66d155060 26175       3       com.sun.tools.javac.comp.Attr::visitApply (911 bytes)

GC Heap History (20 events):
Event: 2347.662 GC heap after
{Heap after GC invocations=70 (full 0):
 garbage-first heap   total 327680K, used 154852K [0x0000000080000000, 0x0000000100000000)
  region size 1024K, 10 young (10240K), 10 survivors (10240K)
 Metaspace       used 162298K, committed 164800K, reserved 1245184K
  class space    used 22370K, committed 23552K, reserved 1048576K
}
Event: 3170.321 GC heap before
{Heap before GC invocations=70 (full 0):
 garbage-first heap   total 327680K, used 308452K [0x0000000080000000, 0x0000000100000000)
  region size 1024K, 158 young (161792K), 10 survivors (10240K)
 Metaspace       used 165247K, committed 167744K, reserved 1245184K
  class space    used 22657K, committed 23872K, reserved 1048576K
}
Event: 3170.709 GC heap after
{Heap after GC invocations=71 (full 0):
 garbage-first heap   total 332800K, used 164637K [0x0000000080000000, 0x0000000100000000)
  region size 1024K, 20 young (20480K), 20 survivors (20480K)
 Metaspace       used 165247K, committed 167744K, reserved 1245184K
  class space    used 22657K, committed 23872K, reserved 1048576K
}
Event: 3170.749 GC heap before
{Heap before GC invocations=71 (full 0):
 garbage-first heap   total 332800K, used 164637K [0x0000000080000000, 0x0000000100000000)
  region size 1024K, 21 young (21504K), 20 survivors (20480K)
 Metaspace       used 165254K, committed 167744K, reserved 1245184K
  class space    used 22657K, committed 23872K, reserved 1048576K
}
Event: 3170.823 GC heap after
{Heap after GC invocations=72 (full 0):
 garbage-first heap   total 332800K, used 167424K [0x0000000080000000, 0x0000000100000000)
  region size 1024K, 2 young (2048K), 2 survivors (2048K)
 Metaspace       used 165254K, committed 167744K, reserved 1245184K
  class space    used 22657K, committed 23872K, reserved 1048576K
}
Event: 3175.100 GC heap before
{Heap before GC invocations=72 (full 0):
 garbage-first heap   total 332800K, used 181760K [0x0000000080000000, 0x0000000100000000)
  region size 1024K, 16 young (16384K), 2 survivors (2048K)
 Metaspace       used 162472K, committed 167872K, reserved 1245184K
  class space    used 21942K, committed 23872K, reserved 1048576K
}
Event: 3175.136 GC heap after
{Heap after GC invocations=73 (full 0):
 garbage-first heap   total 332800K, used 177152K [0x0000000080000000, 0x0000000100000000)
  region size 1024K, 2 young (2048K), 2 survivors (2048K)
 Metaspace       used 162472K, committed 167872K, reserved 1245184K
  class space    used 21942K, committed 23872K, reserved 1048576K
}
Event: 3175.732 GC heap before
{Heap before GC invocations=73 (full 0):
 garbage-first heap   total 332800K, used 191488K [0x0000000080000000, 0x0000000100000000)
  region size 1024K, 16 young (16384K), 2 survivors (2048K)
 Metaspace       used 162494K, committed 167872K, reserved 1245184K
  class space    used 21942K, committed 23872K, reserved 1048576K
}
Event: 3175.768 GC heap after
{Heap after GC invocations=74 (full 0):
 garbage-first heap   total 332800K, used 189440K [0x0000000080000000, 0x0000000100000000)
  region size 1024K, 2 young (2048K), 2 survivors (2048K)
 Metaspace       used 162494K, committed 167872K, reserved 1245184K
  class space    used 21942K, committed 23872K, reserved 1048576K
}
Event: 3177.018 GC heap before
{Heap before GC invocations=75 (full 0):
 garbage-first heap   total 332800K, used 202752K [0x0000000080000000, 0x0000000100000000)
  region size 1024K, 16 young (16384K), 2 survivors (2048K)
 Metaspace       used 162558K, committed 167872K, reserved 1245184K
  class space    used 21945K, committed 23872K, reserved 1048576K
}
Event: 3177.035 GC heap after
{Heap after GC invocations=76 (full 0):
 garbage-first heap   total 332800K, used 192512K [0x0000000080000000, 0x0000000100000000)
  region size 1024K, 2 young (2048K), 2 survivors (2048K)
 Metaspace       used 162558K, committed 167872K, reserved 1245184K
  class space    used 21945K, committed 23872K, reserved 1048576K
}
Event: 3180.652 GC heap before
{Heap before GC invocations=76 (full 0):
 garbage-first heap   total 332800K, used 268288K [0x0000000080000000, 0x0000000100000000)
  region size 1024K, 50 young (51200K), 2 survivors (2048K)
 Metaspace       used 164328K, committed 168192K, reserved 1245184K
  class space    used 22114K, committed 23872K, reserved 1048576K
}
Event: 3180.683 GC heap after
{Heap after GC invocations=77 (full 0):
 garbage-first heap   total 332800K, used 194972K [0x0000000080000000, 0x0000000100000000)
  region size 1024K, 7 young (7168K), 7 survivors (7168K)
 Metaspace       used 164328K, committed 168192K, reserved 1245184K
  class space    used 22114K, committed 23872K, reserved 1048576K
}
Event: 3183.055 GC heap before
{Heap before GC invocations=77 (full 0):
 garbage-first heap   total 332800K, used 251292K [0x0000000080000000, 0x0000000100000000)
  region size 1024K, 58 young (59392K), 7 survivors (7168K)
 Metaspace       used 169402K, committed 171392K, reserved 1245184K
  class space    used 22643K, committed 23936K, reserved 1048576K
}
Event: 3183.087 GC heap after
{Heap after GC invocations=78 (full 0):
 garbage-first heap   total 332800K, used 201781K [0x0000000080000000, 0x0000000100000000)
  region size 1024K, 5 young (5120K), 5 survivors (5120K)
 Metaspace       used 169402K, committed 171392K, reserved 1245184K
  class space    used 22643K, committed 23936K, reserved 1048576K
}
Event: 3195.134 GC heap before
{Heap before GC invocations=78 (full 0):
 garbage-first heap   total 332800K, used 278581K [0x0000000080000000, 0x0000000100000000)
  region size 1024K, 81 young (82944K), 5 survivors (5120K)
 Metaspace       used 172956K, committed 174528K, reserved 1245184K
  class space    used 23167K, committed 24000K, reserved 1048576K
}
Event: 3195.255 GC heap after
{Heap after GC invocations=79 (full 0):
 garbage-first heap   total 332800K, used 207872K [0x0000000080000000, 0x0000000100000000)
  region size 1024K, 11 young (11264K), 11 survivors (11264K)
 Metaspace       used 172956K, committed 174528K, reserved 1245184K
  class space    used 23167K, committed 24000K, reserved 1048576K
}
Event: 3202.947 GC heap before
{Heap before GC invocations=79 (full 0):
 garbage-first heap   total 332800K, used 273408K [0x0000000080000000, 0x0000000100000000)
  region size 1024K, 70 young (71680K), 11 survivors (11264K)
 Metaspace       used 174008K, committed 175552K, reserved 1245184K
  class space    used 23301K, committed 24064K, reserved 1048576K
}
Event: 3203.182 GC heap after
{Heap after GC invocations=80 (full 0):
 garbage-first heap   total 332800K, used 226663K [0x0000000080000000, 0x0000000100000000)
  region size 1024K, 9 young (9216K), 9 survivors (9216K)
 Metaspace       used 174008K, committed 175552K, reserved 1245184K
  class space    used 23301K, committed 24064K, reserved 1048576K
}
Event: 3205.911 GC heap before
{Heap before GC invocations=80 (full 0):
 garbage-first heap   total 332800K, used 269671K [0x0000000080000000, 0x0000000100000000)
  region size 1024K, 51 young (52224K), 9 survivors (9216K)
 Metaspace       used 174223K, committed 175744K, reserved 1245184K
  class space    used 23302K, committed 24064K, reserved 1048576K
}

Dll operation events (3 events):
Event: 0.027 Loaded shared library C:\Program Files\Android\Android Studio\jbr\bin\java.dll
Event: 0.034 Loaded shared library C:\Program Files\Android\Android Studio\jbr\bin\zip.dll
Event: 2.143 Loaded shared library C:\Program Files\Android\Android Studio\jbr\bin\verify.dll

Deoptimization events (20 events):
Event: 3204.900 Thread 0x000002d676983b40 Uncommon trap: trap_request=0xffffff45 fr.pc=0x000002d661636bb0 relative=0x0000000000000570
Event: 3204.900 Thread 0x000002d676983b40 Uncommon trap: reason=unstable_if action=reinterpret pc=0x000002d661636bb0 method=com.sun.tools.javac.tree.TreeInfo.getStartPos(Lcom/sun/tools/javac/tree/JCTree;)I @ 17 c2
Event: 3204.900 Thread 0x000002d676983b40 DEOPT PACKING pc=0x000002d661636bb0 sp=0x000000e0210f77a0
Event: 3204.903 Thread 0x000002d676983b40 DEOPT UNPACKING pc=0x000002d6608043a2 sp=0x000000e0210f7728 mode 2
Event: 3205.510 Thread 0x000002d676983b40 Uncommon trap: trap_request=0xffffffde fr.pc=0x000002d661be5b5c relative=0x000000000000057c
Event: 3205.510 Thread 0x000002d676983b40 Uncommon trap: reason=class_check action=maybe_recompile pc=0x000002d661be5b5c method=com.sun.tools.javac.comp.LambdaToMethod.translate(Lcom/sun/tools/javac/tree/JCTree;)Lcom/sun/tools/javac/tree/JCTree; @ 10 c2
Event: 3205.511 Thread 0x000002d676983b40 DEOPT PACKING pc=0x000002d661be5b5c sp=0x000000e0210f8280
Event: 3205.511 Thread 0x000002d676983b40 DEOPT UNPACKING pc=0x000002d6608043a2 sp=0x000000e0210f8248 mode 2
Event: 3205.511 Thread 0x000002d676983b40 Uncommon trap: trap_request=0xffffffde fr.pc=0x000002d661be5b5c relative=0x000000000000057c
Event: 3205.511 Thread 0x000002d676983b40 Uncommon trap: reason=class_check action=maybe_recompile pc=0x000002d661be5b5c method=com.sun.tools.javac.comp.LambdaToMethod.translate(Lcom/sun/tools/javac/tree/JCTree;)Lcom/sun/tools/javac/tree/JCTree; @ 10 c2
Event: 3205.511 Thread 0x000002d676983b40 DEOPT PACKING pc=0x000002d661be5b5c sp=0x000000e0210f8280
Event: 3205.511 Thread 0x000002d676983b40 DEOPT UNPACKING pc=0x000002d6608043a2 sp=0x000000e0210f8248 mode 2
Event: 3205.517 Thread 0x000002d676983b40 Uncommon trap: trap_request=0xffffffde fr.pc=0x000002d661be5b5c relative=0x000000000000057c
Event: 3205.517 Thread 0x000002d676983b40 Uncommon trap: reason=class_check action=maybe_recompile pc=0x000002d661be5b5c method=com.sun.tools.javac.comp.LambdaToMethod.translate(Lcom/sun/tools/javac/tree/JCTree;)Lcom/sun/tools/javac/tree/JCTree; @ 10 c2
Event: 3205.517 Thread 0x000002d676983b40 DEOPT PACKING pc=0x000002d661be5b5c sp=0x000000e0210f8280
Event: 3205.517 Thread 0x000002d676983b40 DEOPT UNPACKING pc=0x000002d6608043a2 sp=0x000000e0210f8248 mode 2
Event: 3205.773 Thread 0x000002d676983b40 Uncommon trap: trap_request=0xffffff45 fr.pc=0x000002d6615bb8c4 relative=0x0000000000000644
Event: 3205.773 Thread 0x000002d676983b40 Uncommon trap: reason=unstable_if action=reinterpret pc=0x000002d6615bb8c4 method=java.util.HashMap.removeNode(ILjava/lang/Object;Ljava/lang/Object;ZZ)Ljava/util/HashMap$Node; @ 71 c2
Event: 3205.773 Thread 0x000002d676983b40 DEOPT PACKING pc=0x000002d6615bb8c4 sp=0x000000e0210f6de0
Event: 3205.773 Thread 0x000002d676983b40 DEOPT UNPACKING pc=0x000002d6608043a2 sp=0x000000e0210f6d00 mode 2

Classes loaded (20 events):
Event: 3187.211 Loading class java/rmi/server/ServerNotActiveException
Event: 3187.211 Loading class java/rmi/server/ServerNotActiveException done
Event: 3187.216 Loading class sun/rmi/transport/DGCAckHandler
Event: 3187.217 Loading class sun/rmi/transport/DGCAckHandler done
Event: 3187.228 Loading class sun/rmi/transport/DGCAckHandler$1
Event: 3187.229 Loading class sun/rmi/transport/DGCAckHandler$1 done
Event: 3187.362 Loading class sun/rmi/transport/tcp/TCPTransport$ConnectionHandler
Event: 3187.362 Loading class sun/rmi/transport/tcp/TCPTransport$ConnectionHandler done
Event: 3187.371 Loading class sun/rmi/transport/Transport$1
Event: 3187.372 Loading class sun/rmi/transport/Transport$1 done
Event: 3187.373 Loading class sun/rmi/transport/DGCImpl$LeaseInfo
Event: 3187.373 Loading class sun/rmi/transport/DGCImpl$LeaseInfo done
Event: 3187.373 Loading class sun/rmi/transport/DGCImpl$1
Event: 3187.373 Loading class sun/rmi/transport/DGCImpl$1 done
Event: 3187.373 Loading class sun/rmi/transport/SequenceEntry
Event: 3187.373 Loading class sun/rmi/transport/SequenceEntry done
Event: 3195.263 Loading class sun/rmi/transport/DGCClient$EndpointEntry$CleanRequest
Event: 3195.264 Loading class sun/rmi/transport/DGCClient$EndpointEntry$CleanRequest done
Event: 3196.819 Loading class java/util/Collections$UnmodifiableSortedMap
Event: 3196.820 Loading class java/util/Collections$UnmodifiableSortedMap done

Classes unloaded (20 events):
Event: 3172.722 Thread 0x000002d66cf64f00 Unloading class 0x00000001001ccc00 'java/lang/invoke/LambdaForm$MH+0x00000001001ccc00'
Event: 3172.723 Thread 0x000002d66cf64f00 Unloading class 0x00000001001cc800 'java/lang/invoke/LambdaForm$MH+0x00000001001cc800'
Event: 3172.723 Thread 0x000002d66cf64f00 Unloading class 0x00000001001cc400 'java/lang/invoke/LambdaForm$MH+0x00000001001cc400'
Event: 3172.723 Thread 0x000002d66cf64f00 Unloading class 0x00000001001cc000 'java/lang/invoke/LambdaForm$BMH+0x00000001001cc000'
Event: 3172.723 Thread 0x000002d66cf64f00 Unloading class 0x00000001001a1000 'java/lang/invoke/LambdaForm$MH+0x00000001001a1000'
Event: 3172.725 Thread 0x000002d66cf64f00 Unloading class 0x00000001001a0c00 'java/lang/invoke/LambdaForm$MH+0x00000001001a0c00'
Event: 3172.725 Thread 0x000002d66cf64f00 Unloading class 0x00000001001a0800 'java/lang/invoke/LambdaForm$MH+0x00000001001a0800'
Event: 3172.727 Thread 0x000002d66cf64f00 Unloading class 0x0000000100190400 'java/lang/invoke/LambdaForm$MH+0x0000000100190400'
Event: 3172.727 Thread 0x000002d66cf64f00 Unloading class 0x0000000100190000 'java/lang/invoke/LambdaForm$MH+0x0000000100190000'
Event: 3172.727 Thread 0x000002d66cf64f00 Unloading class 0x0000000100181800 'java/lang/invoke/LambdaForm$MH+0x0000000100181800'
Event: 3172.727 Thread 0x000002d66cf64f00 Unloading class 0x0000000100181000 'java/lang/invoke/LambdaForm$MH+0x0000000100181000'
Event: 3172.727 Thread 0x000002d66cf64f00 Unloading class 0x0000000100180c00 'java/lang/invoke/LambdaForm$MH+0x0000000100180c00'
Event: 3172.727 Thread 0x000002d66cf64f00 Unloading class 0x0000000100180000 'java/lang/invoke/LambdaForm$MH+0x0000000100180000'
Event: 3172.727 Thread 0x000002d66cf64f00 Unloading class 0x000000010011cc00 'java/lang/invoke/LambdaForm$MH+0x000000010011cc00'
Event: 3172.727 Thread 0x000002d66cf64f00 Unloading class 0x000000010011c800 'java/lang/invoke/LambdaForm$MH+0x000000010011c800'
Event: 3172.727 Thread 0x000002d66cf64f00 Unloading class 0x000000010011c000 'java/lang/invoke/LambdaForm$MH+0x000000010011c000'
Event: 3172.727 Thread 0x000002d66cf64f00 Unloading class 0x00000001000c1800 'java/lang/invoke/LambdaForm$MH+0x00000001000c1800'
Event: 3172.728 Thread 0x000002d66cf64f00 Unloading class 0x00000001000c1400 'java/lang/invoke/LambdaForm$MH+0x00000001000c1400'
Event: 3172.728 Thread 0x000002d66cf64f00 Unloading class 0x00000001000c1000 'java/lang/invoke/LambdaForm$MH+0x00000001000c1000'
Event: 3172.728 Thread 0x000002d66cf64f00 Unloading class 0x00000001000c0800 'java/lang/invoke/LambdaForm$MH+0x00000001000c0800'

Classes redefined (0 events):
No events

Internal exceptions (20 events):
Event: 3204.946 Thread 0x000002d676983b40 Exception <a 'sun/nio/fs/WindowsException'{0x0000000091ecc8b8}> (0x0000000091ecc8b8) 
thrown [s\src\hotspot\share\prims\jni.cpp, line 537]
Event: 3204.959 Thread 0x000002d676983b40 Exception <a 'sun/nio/fs/WindowsException'{0x0000000091ed49e0}> (0x0000000091ed49e0) 
thrown [s\src\hotspot\share\prims\jni.cpp, line 537]
Event: 3204.981 Thread 0x000002d676983b40 Exception <a 'sun/nio/fs/WindowsException'{0x0000000091ef9ed0}> (0x0000000091ef9ed0) 
thrown [s\src\hotspot\share\prims\jni.cpp, line 537]
Event: 3205.021 Thread 0x000002d676983b40 Exception <a 'sun/nio/fs/WindowsException'{0x0000000091d95ea0}> (0x0000000091d95ea0) 
thrown [s\src\hotspot\share\prims\jni.cpp, line 537]
Event: 3205.021 Thread 0x000002d676983b40 Exception <a 'sun/nio/fs/WindowsException'{0x0000000091da16a8}> (0x0000000091da16a8) 
thrown [s\src\hotspot\share\prims\jni.cpp, line 537]
Event: 3205.535 Thread 0x000002d676983b40 Exception <a 'sun/nio/fs/WindowsException'{0x00000000916264c8}> (0x00000000916264c8) 
thrown [s\src\hotspot\share\prims\jni.cpp, line 537]
Event: 3205.546 Thread 0x000002d676983b40 Exception <a 'sun/nio/fs/WindowsException'{0x000000009162dde0}> (0x000000009162dde0) 
thrown [s\src\hotspot\share\prims\jni.cpp, line 537]
Event: 3205.555 Thread 0x000002d676983b40 Exception <a 'sun/nio/fs/WindowsException'{0x0000000091637378}> (0x0000000091637378) 
thrown [s\src\hotspot\share\prims\jni.cpp, line 537]
Event: 3205.581 Thread 0x000002d676983b40 Exception <a 'sun/nio/fs/WindowsException'{0x0000000091643a88}> (0x0000000091643a88) 
thrown [s\src\hotspot\share\prims\jni.cpp, line 537]
Event: 3205.628 Thread 0x000002d676983b40 Exception <a 'sun/nio/fs/WindowsException'{0x00000000916e6428}> (0x00000000916e6428) 
thrown [s\src\hotspot\share\prims\jni.cpp, line 537]
Event: 3205.742 Thread 0x000002d676983b40 Exception <a 'sun/nio/fs/WindowsException'{0x000000009146c010}> (0x000000009146c010) 
thrown [s\src\hotspot\share\prims\jni.cpp, line 537]
Event: 3205.742 Thread 0x000002d676983b40 Exception <a 'sun/nio/fs/WindowsException'{0x0000000091477f48}> (0x0000000091477f48) 
thrown [s\src\hotspot\share\prims\jni.cpp, line 537]
Event: 3205.753 Thread 0x000002d676983b40 Exception <a 'sun/nio/fs/WindowsException'{0x00000000914a4b70}> (0x00000000914a4b70) 
thrown [s\src\hotspot\share\prims\jni.cpp, line 537]
Event: 3205.753 Thread 0x000002d676983b40 Exception <a 'sun/nio/fs/WindowsException'{0x00000000914b49c8}> (0x00000000914b49c8) 
thrown [s\src\hotspot\share\prims\jni.cpp, line 537]
Event: 3205.756 Thread 0x000002d676983b40 Exception <a 'sun/nio/fs/WindowsException'{0x00000000914e01d0}> (0x00000000914e01d0) 
thrown [s\src\hotspot\share\prims\jni.cpp, line 537]
Event: 3205.760 Thread 0x000002d676983b40 Exception <a 'sun/nio/fs/WindowsException'{0x00000000914e4c70}> (0x00000000914e4c70) 
thrown [s\src\hotspot\share\prims\jni.cpp, line 537]
Event: 3205.786 Thread 0x000002d676983b40 Exception <a 'sun/nio/fs/WindowsException'{0x0000000091222ef0}> (0x0000000091222ef0) 
thrown [s\src\hotspot\share\prims\jni.cpp, line 537]
Event: 3205.787 Thread 0x000002d676983b40 Exception <a 'sun/nio/fs/WindowsException'{0x00000000912282a0}> (0x00000000912282a0) 
thrown [s\src\hotspot\share\prims\jni.cpp, line 537]
Event: 3205.838 Thread 0x000002d676983b40 Exception <a 'sun/nio/fs/WindowsException'{0x000000009114ea50}> (0x000000009114ea50) 
thrown [s\src\hotspot\share\prims\jni.cpp, line 537]
Event: 3205.839 Thread 0x000002d676983b40 Exception <a 'sun/nio/fs/WindowsException'{0x0000000091154c50}> (0x0000000091154c50) 
thrown [s\src\hotspot\share\prims\jni.cpp, line 537]

ZGC Phase Switch (0 events):
No events

VM Operations (20 events):
Event: 3196.969 Executing non-safepoint VM operation: HandshakeAllThreads (Deoptimize) done
Event: 3197.969 Executing safepoint VM operation: Cleanup
Event: 3197.969 Executing safepoint VM operation: Cleanup done
Event: 3198.969 Executing safepoint VM operation: Cleanup
Event: 3198.970 Executing safepoint VM operation: Cleanup done
Event: 3199.970 Executing safepoint VM operation: Cleanup
Event: 3199.971 Executing safepoint VM operation: Cleanup done
Event: 3200.971 Executing safepoint VM operation: Cleanup
Event: 3200.972 Executing safepoint VM operation: Cleanup done
Event: 3201.972 Executing safepoint VM operation: Cleanup
Event: 3201.973 Executing safepoint VM operation: Cleanup done
Event: 3202.938 Executing safepoint VM operation: G1CollectForAllocation (G1 Evacuation Pause)
Event: 3203.182 Executing safepoint VM operation: G1CollectForAllocation (G1 Evacuation Pause) done
Event: 3204.183 Executing safepoint VM operation: Cleanup
Event: 3204.183 Executing safepoint VM operation: Cleanup done
Event: 3205.045 Executing safepoint VM operation: ICBufferFull
Event: 3205.045 Executing safepoint VM operation: ICBufferFull done
Event: 3205.847 Executing safepoint VM operation: ICBufferFull
Event: 3205.847 Executing safepoint VM operation: ICBufferFull done
Event: 3205.911 Executing safepoint VM operation: G1CollectForAllocation (G1 Evacuation Pause)

Memory protections (0 events):
No events

Nmethod flushes (20 events):
Event: 3173.833 Thread 0x000002d66cf64f00 flushing  nmethod 0x000002d65ab11310
Event: 3173.833 Thread 0x000002d66cf64f00 flushing  nmethod 0x000002d65ab11690
Event: 3173.833 Thread 0x000002d66cf64f00 flushing  nmethod 0x000002d65ab18610
Event: 3173.833 Thread 0x000002d66cf64f00 flushing  nmethod 0x000002d65ab39c10
Event: 3173.833 Thread 0x000002d66cf64f00 flushing  nmethod 0x000002d65ab3be10
Event: 3173.833 Thread 0x000002d66cf64f00 flushing  nmethod 0x000002d65ab3ff90
Event: 3173.833 Thread 0x000002d66cf64f00 flushing  nmethod 0x000002d65ab5c910
Event: 3173.833 Thread 0x000002d66cf64f00 flushing  nmethod 0x000002d65ab5db90
Event: 3173.833 Thread 0x000002d66cf64f00 flushing  nmethod 0x000002d65ab7a790
Event: 3173.833 Thread 0x000002d66cf64f00 flushing  nmethod 0x000002d65ab7e910
Event: 3173.833 Thread 0x000002d66cf64f00 flushing  nmethod 0x000002d65ab7f510
Event: 3173.833 Thread 0x000002d66cf64f00 flushing  nmethod 0x000002d65ab80110
Event: 3173.833 Thread 0x000002d66cf64f00 flushing  nmethod 0x000002d65ac06f90
Event: 3173.833 Thread 0x000002d66cf64f00 flushing  nmethod 0x000002d65ac33310
Event: 3173.833 Thread 0x000002d66cf64f00 flushing  nmethod 0x000002d65af54210
Event: 3173.833 Thread 0x000002d66cf64f00 flushing  nmethod 0x000002d65afe1390
Event: 3173.833 Thread 0x000002d66cf64f00 flushing  nmethod 0x000002d65afe3710
Event: 3173.833 Thread 0x000002d66cf64f00 flushing  nmethod 0x000002d65afe3d90
Event: 3173.833 Thread 0x000002d66cf64f00 flushing  nmethod 0x000002d65afe5710
Event: 3173.833 Thread 0x000002d66cf64f00 flushing  nmethod 0x000002d65afe5b90

Events (20 events):
Event: 3163.646 Thread 0x000002d676983b40 Thread added: 0x000002d676984ef0
Event: 3163.670 Thread 0x000002d676983b40 Thread added: 0x000002d676981a70
Event: 3168.622 Thread 0x000002d676983b40 Thread added: 0x000002d676985580
Event: 3179.175 Thread 0x000002d676984ef0 Thread added: 0x000002d67cb236f0
Event: 3179.177 Thread 0x000002d676984ef0 Thread added: 0x000002d67cb24aa0
Event: 3179.324 Thread 0x000002d676983b40 Thread added: 0x000002d67cb25e50
Event: 3184.019 Thread 0x000002d67cb25e50 Thread added: 0x000002d67cb24410
Event: 3184.115 Thread 0x000002d67cb236f0 Thread added: 0x000002d67cb23060
Event: 3184.220 Thread 0x000002d67cb236f0 Thread added: 0x000002d67cb29ff0
Event: 3184.220 Thread 0x000002d67cb236f0 Thread added: 0x000002d67cb28c40
Event: 3186.835 Thread 0x000002d67cb24410 Thread exited: 0x000002d67cb24410
Event: 3187.023 Thread 0x000002d67cb25e50 Thread added: 0x000002d67cb26b70
Event: 3187.035 Thread 0x000002d67cb25e50 Thread added: 0x000002d67cb27200
Event: 3187.038 Loaded shared library C:\Program Files\Android\Android Studio\jbr\bin\rmi.dll
Event: 3187.040 Thread 0x000002d67cb25e50 Thread added: 0x000002d67cb24410
Event: 3187.186 Thread 0x000002d67cb25e50 Thread added: 0x000002d67cb292d0
Event: 3187.187 Thread 0x000002d67cb25e50 Thread added: 0x000002d67cb2a680
Event: 3187.363 Thread 0x000002d67cb292d0 Thread added: 0x000002d67cb2ad10
Event: 3195.279 Thread 0x000002d67cb27200 Thread exited: 0x000002d67cb27200
Event: 3203.353 Thread 0x000002d66d155060 Thread added: 0x000002d67c4de860


Dynamic libraries:
0x00007ff6248b0000 - 0x00007ff6248ba000 	C:\Program Files\Android\Android Studio\jbr\bin\java.exe
0x00007ffac0e40000 - 0x00007ffac10a7000 	C:\WINDOWS\SYSTEM32\ntdll.dll
0x00007ffabeef0000 - 0x00007ffabefb9000 	C:\WINDOWS\System32\KERNEL32.DLL
0x00007ffabe5a0000 - 0x00007ffabe997000 	C:\WINDOWS\System32\KERNELBASE.dll
0x00007ffabe310000 - 0x00007ffabe45b000 	C:\WINDOWS\System32\ucrtbase.dll
0x00007ffab1f90000 - 0x00007ffab1fab000 	C:\Program Files\Android\Android Studio\jbr\bin\VCRUNTIME140.dll
0x00007ffa8c230000 - 0x00007ffa8c248000 	C:\Program Files\Android\Android Studio\jbr\bin\jli.dll
0x00007ffabec70000 - 0x00007ffabee36000 	C:\WINDOWS\System32\USER32.dll
0x00007ffabead0000 - 0x00007ffabeaf7000 	C:\WINDOWS\System32\win32u.dll
0x00007ffabfc70000 - 0x00007ffabfc9b000 	C:\WINDOWS\System32\GDI32.dll
0x00007ffaad5b0000 - 0x00007ffaad842000 	C:\WINDOWS\WinSxS\amd64_microsoft.windows.common-controls_6595b64144ccf1df_6.0.26100.8457_none_3e0b2faee331e92d\COMCTL32.dll
0x00007ffabe9a0000 - 0x00007ffabeacc000 	C:\WINDOWS\System32\gdi32full.dll
0x00007ffabe4f0000 - 0x00007ffabe593000 	C:\WINDOWS\System32\msvcp_win.dll
0x00007ffac03b0000 - 0x00007ffac0459000 	C:\WINDOWS\System32\msvcrt.dll
0x00007ffabfca0000 - 0x00007ffabfcd2000 	C:\WINDOWS\System32\IMM32.DLL
0x00007ffabb090000 - 0x00007ffabb09c000 	C:\Program Files\Android\Android Studio\jbr\bin\vcruntime140_1.dll
0x00007ffa797e0000 - 0x00007ffa7986d000 	C:\Program Files\Android\Android Studio\jbr\bin\msvcp140.dll
0x00007ffa44090000 - 0x00007ffa44d26000 	C:\Program Files\Android\Android Studio\jbr\bin\server\jvm.dll
0x00007ffac0d40000 - 0x00007ffac0df6000 	C:\WINDOWS\System32\ADVAPI32.dll
0x00007ffabebc0000 - 0x00007ffabec67000 	C:\WINDOWS\System32\sechost.dll
0x00007ffac0720000 - 0x00007ffac0838000 	C:\WINDOWS\System32\RPCRT4.dll
0x00007ffac0640000 - 0x00007ffac06c0000 	C:\WINDOWS\System32\WS2_32.dll
0x00007ffaafbb0000 - 0x00007ffaafbbb000 	C:\WINDOWS\SYSTEM32\VERSION.dll
0x00007ffab1ec0000 - 0x00007ffab1ef6000 	C:\WINDOWS\SYSTEM32\WINMM.dll
0x00007ffabd6d0000 - 0x00007ffabd72e000 	C:\WINDOWS\SYSTEM32\POWRPROF.dll
0x00007ffabd6b0000 - 0x00007ffabd6c4000 	C:\WINDOWS\SYSTEM32\UMPDC.dll
0x00007ffabc600000 - 0x00007ffabc61b000 	C:\WINDOWS\SYSTEM32\kernel.appcore.dll
0x00007ffabb000000 - 0x00007ffabb00a000 	C:\Program Files\Android\Android Studio\jbr\bin\jimage.dll
0x00007ffa7d3d0000 - 0x00007ffa7d612000 	C:\WINDOWS\SYSTEM32\DBGHELP.DLL
0x00007ffac0950000 - 0x00007ffac0cd3000 	C:\WINDOWS\System32\combase.dll
0x00007ffac02d0000 - 0x00007ffac03a9000 	C:\WINDOWS\System32\OLEAUT32.dll
0x00007ffaa0d90000 - 0x00007ffaa0dcb000 	C:\WINDOWS\SYSTEM32\dbgcore.DLL
0x00007ffabd870000 - 0x00007ffabd918000 	C:\WINDOWS\System32\bcryptPrimitives.dll
0x00007ffab2620000 - 0x00007ffab262e000 	C:\Program Files\Android\Android Studio\jbr\bin\instrument.dll
0x00007ffaaf960000 - 0x00007ffaaf980000 	C:\Program Files\Android\Android Studio\jbr\bin\java.dll
0x00007ffa9ca70000 - 0x00007ffa9ca88000 	C:\Program Files\Android\Android Studio\jbr\bin\zip.dll
0x00007ffabf200000 - 0x00007ffabf96e000 	C:\WINDOWS\System32\SHELL32.dll
0x00007ffabdaa0000 - 0x00007ffabe30c000 	C:\WINDOWS\System32\windows.storage.dll
0x00007ffabf100000 - 0x00007ffabf1f6000 	C:\WINDOWS\System32\SHCORE.dll
0x00007ffabf080000 - 0x00007ffabf0e6000 	C:\WINDOWS\System32\shlwapi.dll
0x00007ffabd790000 - 0x00007ffabd7b9000 	C:\WINDOWS\SYSTEM32\profapi.dll
0x00007ffab25b0000 - 0x00007ffab25c0000 	C:\Program Files\Android\Android Studio\jbr\bin\net.dll
0x00007ffab0800000 - 0x00007ffab0929000 	C:\WINDOWS\SYSTEM32\WINHTTP.dll
0x00007ffabcb70000 - 0x00007ffabcbdc000 	C:\WINDOWS\system32\mswsock.dll
0x00007ffa9b490000 - 0x00007ffa9b4a6000 	C:\Program Files\Android\Android Studio\jbr\bin\nio.dll
0x00007ffa9d9a0000 - 0x00007ffa9d9b0000 	C:\Program Files\Android\Android Studio\jbr\bin\verify.dll
0x00007ffa81880000 - 0x00007ffa818a7000 	C:\Users\Janmark Abo\.gradle\native\660c5614fbf4a5f2a75b1949f50a0caf5cd603558e7d8a26e50b933a0cfb79d1\windows-amd64\native-platform.dll
0x00007ffa72380000 - 0x00007ffa723f7000 	C:\Users\Janmark Abo\.gradle\native\0.2.8\x86_64-windows-gnu\gradle-fileevents.dll
0x00007ffa9d6a0000 - 0x00007ffa9d6a9000 	C:\Program Files\Android\Android Studio\jbr\bin\management.dll
0x00007ffa966e0000 - 0x00007ffa966eb000 	C:\Program Files\Android\Android Studio\jbr\bin\management_ext.dll
0x00007ffabfba0000 - 0x00007ffabfba8000 	C:\WINDOWS\System32\PSAPI.DLL
0x00007ffabc010000 - 0x00007ffabc042000 	C:\WINDOWS\SYSTEM32\IPHLPAPI.DLL
0x00007ffac0840000 - 0x00007ffac084a000 	C:\WINDOWS\System32\NSI.dll
0x00007ffaaabd0000 - 0x00007ffaaabd9000 	C:\Program Files\Android\Android Studio\jbr\bin\extnet.dll
0x00007ffabce50000 - 0x00007ffabce6b000 	C:\WINDOWS\SYSTEM32\CRYPTSP.dll
0x00007ffabc560000 - 0x00007ffabc599000 	C:\WINDOWS\system32\rsaenh.dll
0x00007ffabcc20000 - 0x00007ffabcc53000 	C:\WINDOWS\SYSTEM32\USERENV.dll
0x00007ffabd760000 - 0x00007ffabd78a000 	C:\WINDOWS\SYSTEM32\bcrypt.dll
0x00007ffabce70000 - 0x00007ffabce7c000 	C:\WINDOWS\SYSTEM32\CRYPTBASE.dll
0x00007ffa96640000 - 0x00007ffa96648000 	C:\WINDOWS\system32\wshunix.dll
0x00007ffabc720000 - 0x00007ffabc756000 	C:\WINDOWS\SYSTEM32\ntmarta.dll
0x00007ffaadcd0000 - 0x00007ffaadcd7000 	C:\Program Files\Android\Android Studio\jbr\bin\rmi.dll

JVMTI agents:
C:\Users\Janmark Abo\.gradle\wrapper\dists\gradle-9.4.1-bin\arn2x92ynaizyzdaamcbpbhtj\gradle-9.4.1\lib\agents\gradle-instrumentation-agent-9.4.1.jar path:C:\Program Files\Android\Android Studio\jbr\bin\instrument.dll, loaded, initialized, instrumentlib options:none

dbghelp: loaded successfully - version: 4.0.5 - missing functions: none
symbol engine: initialized successfully - sym options: 0x614 - pdb path: .;C:\Program Files\Android\Android Studio\jbr\bin;C:\WINDOWS\SYSTEM32;C:\WINDOWS\WinSxS\amd64_microsoft.windows.common-controls_6595b64144ccf1df_6.0.26100.8457_none_3e0b2faee331e92d;C:\Program Files\Android\Android Studio\jbr\bin\server;C:\Users\Janmark Abo\.gradle\native\660c5614fbf4a5f2a75b1949f50a0caf5cd603558e7d8a26e50b933a0cfb79d1\windows-amd64;C:\Users\Janmark Abo\.gradle\native\0.2.8\x86_64-windows-gnu

VM Arguments:
jvm_args: --add-opens=java.base/java.lang=ALL-UNNAMED --add-opens=java.base/java.lang.invoke=ALL-UNNAMED --add-opens=java.base/java.util=ALL-UNNAMED --add-opens=java.prefs/java.util.prefs=ALL-UNNAMED --add-exports=jdk.compiler/com.sun.tools.javac.api=ALL-UNNAMED --add-exports=jdk.compiler/com.sun.tools.javac.util=ALL-UNNAMED --add-opens=java.base/java.util=ALL-UNNAMED --add-opens=java.prefs/java.util.prefs=ALL-UNNAMED --add-opens=java.base/java.nio.charset=ALL-UNNAMED --add-opens=java.base/java.net=ALL-UNNAMED --add-opens=java.base/java.util.concurrent=ALL-UNNAMED --add-opens=java.base/java.util.concurrent.atomic=ALL-UNNAMED --add-opens=java.xml/javax.xml.namespace=ALL-UNNAMED --add-opens=java.base/java.time=ALL-UNNAMED -Xmx2048m -Dfile.encoding=UTF-8 -Duser.country=GB -Duser.language=en -Duser.variant -javaagent:C:\Users\Janmark Abo\.gradle\wrapper\dists\gradle-9.4.1-bin\arn2x92ynaizyzdaamcbpbhtj\gradle-9.4.1\lib\agents\gradle-instrumentation-agent-9.4.1.jar 
java_command: org.gradle.launcher.daemon.bootstrap.GradleDaemon 9.4.1
java_class_path (initial): C:\Users\Janmark Abo\.gradle\wrapper\dists\gradle-9.4.1-bin\arn2x92ynaizyzdaamcbpbhtj\gradle-9.4.1\lib\gradle-daemon-main-9.4.1.jar
Launcher Type: SUN_STANDARD

[Global flags]
     intx CICompilerCount                          = 3                                         {product} {ergonomic}
     uint ConcGCThreads                            = 1                                         {product} {ergonomic}
     uint G1ConcRefinementThreads                  = 4                                         {product} {ergonomic}
   size_t G1HeapRegionSize                         = 1048576                                   {product} {ergonomic}
    uintx GCDrainStackTargetSize                   = 64                                        {product} {ergonomic}
   size_t InitialHeapSize                          = 67108864                                  {product} {ergonomic}
   size_t MarkStackSize                            = 4194304                                   {product} {ergonomic}
   size_t MaxHeapSize                              = 2147483648                                {product} {command line}
   size_t MaxNewSize                               = 1287651328                                {product} {ergonomic}
   size_t MinHeapDeltaBytes                        = 1048576                                   {product} {ergonomic}
   size_t MinHeapSize                              = 8388608                                   {product} {ergonomic}
    uintx NonNMethodCodeHeapSize                   = 5832780                                {pd product} {ergonomic}
    uintx NonProfiledCodeHeapSize                  = 122912730                              {pd product} {ergonomic}
    uintx ProfiledCodeHeapSize                     = 122912730                              {pd product} {ergonomic}
    uintx ReservedCodeCacheSize                    = 251658240                              {pd product} {ergonomic}
     bool SegmentedCodeCache                       = true                                      {product} {ergonomic}
   size_t SoftMaxHeapSize                          = 2147483648                             {manageable} {ergonomic}
     bool UseCompressedOops                        = true                           {product lp64_product} {ergonomic}
     bool UseG1GC                                  = true                                      {product} {ergonomic}
     bool UseLargePagesIndividualAllocation        = false                                  {pd product} {ergonomic}

Logging:
Log output configuration:
 #0: stdout all=warning uptime,level,tags foldmultilines=false
 #1: stderr all=off uptime,level,tags foldmultilines=false

Release file:
JAVA_VERSION="21.0.10" 
MODULES="java.base java.compiler java.datatransfer java.xml java.prefs java.desktop java.instrument java.logging java.management java.security.sasl java.naming java.rmi java.management.rmi java.net.http java.scripting java.security.jgss java.transaction.xa java.sql java.sql.rowset java.xml.crypto java.se java.smartcardio jdk.accessibility jdk.internal.jvmstat jdk.attach jdk.charsets jdk.internal.opt jdk.zipfs jdk.compiler jdk.crypto.ec jdk.crypto.cryptoki jdk.dynalink jdk.hotspot.agent jdk.httpserver jdk.internal.ed jdk.internal.le jdk.internal.vm.ci jdk.jartool jdk.javadoc jdk.jcmd jdk.jdeps jdk.jdwp.agent jdk.jdi jdk.jfr jdk.jlink jdk.jsobject jdk.localedata jdk.management jdk.management.agent jdk.management.jfr jdk.naming.dns jdk.naming.rmi jdk.net jdk.sctp jdk.security.auth jdk.security.jgss jdk.unsupported jdk.unsupported.desktop jdk.xml.dom" 
IMPLEMENTOR="JetBrains s.r.o." 
JAVA_RUNTIME_VERSION="21.0.10+-14961533-b1163.108" 
LIBC="default" 
OS_ARCH="x86_64" 
OS_NAME="Windows" 
SOURCE=".:git:1351622c2ff2" 

Environment Variables:
JAVA_HOME=C:\Program Files\Eclipse Adoptium\jdk-25.0.3.9-hotspot
PATH=C:\Program Files\Eclipse Adoptium\jdk-25.0.3.9-hotspot\bin;C:\WINDOWS\system32;C:\WINDOWS;C:\WINDOWS\System32\Wbem;C:\WINDOWS\System32\WindowsPowerShell\v1.0\;C:\WINDOWS\System32\OpenSSH\;C:\Users\Janmark Abo\AppData\Local\Microsoft\WindowsApps;C:\Users\Janmark Abo\AppData\Local\Programs\Microsoft VS Code\bin;C:\Program Files\Eclipse Adoptium\jdk-17.x.x\bin;C:\Program Files\Eclipse Adoptium\jdk-25.0.3.9-hotspot\bin;C:\Program Files\Git\cmd;C:\Users\Janmark Abo\.local\bin;C:\Users\Janmark Abo\AppData\Local\Microsoft\WindowsApps;C:\Users\Janmark Abo\AppData\Local\Programs\Microsoft VS Code\bin;C:\Users\Janmark Abo\AppData\Local\Python\bin;C:\Users\Janmark Abo\AppData\Local\Programs\Windsurf\bin
USERNAME=Janmark Abo
OS=Windows_NT
PROCESSOR_IDENTIFIER=Intel64 Family 6 Model 142 Stepping 9, GenuineIntel
TMP=C:\Users\JANMAR~1\AppData\Local\Temp
TEMP=C:\Users\JANMAR~1\AppData\Local\Temp




Periodic native trim disabled

JNI global refs:
JNI global refs: 28, weak refs: 0

JNI global refs memory usage: 835, weak refs: 833

Process memory usage:
Resident Set Size: 317728K (7% of 4082924K total physical memory with 943792K free physical memory)

OOME stack traces (most recent first):
Classloader memory used:
Loader org.gradle.internal.classloader.VisitableURLClassLoader$InstrumentingVisitableURLClassLoader: 64728K
Loader org.gradle.internal.classloader.VisitableURLClassLoader                         : 50641K
Loader bootstrap                                                                       : 30214K
Loader org.gradle.initialization.MixInLegacyTypesClassLoader                           : 13985K
Loader jdk.internal.loader.ClassLoaders$AppClassLoader                                 : 10078K
Loader java.net.URLClassLoader                                                         : 2520K
Loader jdk.internal.reflect.DelegatingClassLoader                                      : 726K
Loader jdk.internal.loader.ClassLoaders$PlatformClassLoader                            : 667K
Loader jdk.internal.jrtfs.JrtFileSystemProvider$JrtFsLoader                            : 309K
Loader org.gradle.internal.classloader.VisitableURLClassLoader                         : 219K
Loader org.gradle.groovy.scripts.internal.DefaultScriptCompilationHandler$ScriptClassLoader: 128K
Loader sun.reflect.misc.MethodUtil                                                     : 2984B

Classes loaded by more than one classloader:
Class Program                                                                         : loaded 5 times (x 72B)
Class Build_gradle                                                                    : loaded 3 times (x 126B)
Class com.google.common.base.PairwiseEquivalence                                      : loaded 2 times (x 83B)
Class com.google.common.base.Equivalence$Identity                                     : loaded 2 times (x 82B)
Class com.google.common.collect.RegularImmutableMap$KeySet                            : loaded 2 times (x 152B)
Class org.gradle.internal.classloader.FilteringClassLoader                            : loaded 2 times (x 105B)
Class jdk.internal.jimage.BasicImageReader                                            : loaded 2 times (x 95B)
Class kotlin.io.FilesKt__FileTreeWalkKt                                               : loaded 2 times (x 71B)
Class kotlin.sequences.FilteringSequence$iterator$1                                   : loaded 2 times (x 79B)
Class kotlin.sequences.SequencesKt__SequenceBuilderKt                                 : loaded 2 times (x 71B)
Class kotlin.collections.CollectionsKt__ReversedViewsKt                               : loaded 2 times (x 71B)
Class com.google.common.cache.LocalCache$ValueIterator                                : loaded 2 times (x 86B)
Class [Lcom.google.common.collect.MapMakerInternalMap$Segment;                        : loaded 2 times (x 69B)
Class com.google.common.io.FileWriteMode                                              : loaded 2 times (x 79B)
Class [Lcom.google.common.base.AbstractIterator$State;                                : loaded 2 times (x 69B)
Class com.google.common.base.CharMatcher$IsEither                                     : loaded 2 times (x 111B)
Class ijKotlinCoroutineJvmDebugInit1_ajx8h5pjbvhs9chusb6rdoeez$_run_closure1          : loaded 2 times (x 139B)
Class org.gradle.internal.classloader.ClassLoaderHierarchy                            : loaded 2 times (x 70B)
Class com.google.common.collect.AbstractMapBasedMultimap$WrappedCollection            : loaded 2 times (x 124B)
Class com.google.common.collect.ImmutableEnumSet                                      : loaded 2 times (x 146B)
Class com.google.common.util.concurrent.ExecutionError                                : loaded 2 times (x 82B)
Class com.google.common.collect.ImmutableList$1                                       : loaded 2 times (x 97B)
Class com.google.common.collect.RegularImmutableMap                                   : loaded 2 times (x 121B)
Class com.google.common.collect.ImmutableMap$MapViewOfValuesAsSingletonSets           : loaded 2 times (x 126B)
Class com.google.common.cache.LocalCache$Values                                       : loaded 2 times (x 118B)
Class com.google.common.collect.TransformedListIterator                               : loaded 2 times (x 93B)
Class com.google.common.reflect.TypeCapture                                           : loaded 2 times (x 71B)
Class [Lorg.objectweb.asm.Symbol;                                                     : loaded 2 times (x 69B)
Class org.objectweb.asm.ClassVisitor                                                  : loaded 2 times (x 88B)
Class com.google.common.collect.UnmodifiableListIterator                              : loaded 2 times (x 95B)
Class com.google.common.collect.MapMakerInternalMap$StrongKeyDummyValueEntry$LinkedStrongKeyDummyValueEntry: loaded 2 times (x 82B)
Class com.google.common.collect.MapMakerInternalMap$Strength                          : loaded 2 times (x 80B)
Class com.google.common.base.Platform$JdkPatternCompiler                              : loaded 2 times (x 75B)
Class org.objectweb.asm.MethodTooLargeException                                       : loaded 2 times (x 83B)
Class [Lcom.google.common.cache.CacheBuilder$OneWeigher;                              : loaded 2 times (x 69B)
Class com.google.common.base.Suppliers                                                : loaded 2 times (x 71B)
Class org.gradle.internal.classloader.DefaultClassLoaderFactory                       : loaded 2 times (x 82B)
Class kotlin.sequences.SequencesKt___SequencesKt                                      : loaded 2 times (x 71B)
Class kotlin.collections.AbstractList$Companion                                       : loaded 2 times (x 71B)
Class com.google.common.base.CharMatcher$None                                         : loaded 2 times (x 112B)
Class [Lcom.google.common.collect.AbstractIterator$State;                             : loaded 2 times (x 69B)
Class [Lcom.google.common.collect.ImmutableMapEntry;                                  : loaded 2 times (x 69B)
Class kotlin.text.StringsKt__AppendableKt                                             : loaded 2 times (x 71B)
Class com.google.common.collect.ListMultimap                                          : loaded 2 times (x 70B)
Class com.google.common.collect.ImmutableEnumMap                                      : loaded 2 times (x 126B)
Class com.google.common.collect.ImmutableSet$SerializedForm                           : loaded 2 times (x 73B)
Class com.google.common.collect.Iterators$EmptyModifiableIterator                     : loaded 2 times (x 86B)
Class com.google.common.base.Splitter                                                 : loaded 2 times (x 72B)
Class com.google.common.collect.Sets$1                                                : loaded 2 times (x 139B)
Class org.objectweb.asm.AnnotationVisitor                                             : loaded 2 times (x 78B)
Class org.gradle.api.internal.DefaultClassPathProvider                                : loaded 2 times (x 76B)
Class kotlin.sequences.Sequence                                                       : loaded 2 times (x 70B)
Class kotlin.text.StringsKt__StringNumberConversionsJVMKt                             : loaded 2 times (x 71B)
Class com.google.common.collect.MapMakerInternalMap$Strength$1                        : loaded 2 times (x 80B)
Class com.google.common.collect.Maps$ViewCachingAbstractMap                           : loaded 2 times (x 125B)
Class [Lcom.google.common.base.Function;                                              : loaded 2 times (x 69B)
Class com.google.common.collect.Sets$2                                                : loaded 2 times (x 139B)
Class [Lorg.gradle.api.internal.ClassPathProvider;                                    : loaded 2 times (x 69B)
Class org.gradle.api.internal.ClassPathProvider                                       : loaded 2 times (x 70B)
Class com.google.common.collect.MapMakerInternalMap$Strength$2                        : loaded 2 times (x 80B)
Class com.google.common.base.AbstractIterator$State                                   : loaded 2 times (x 79B)
Class com.google.common.reflect.Types$ClassOwnership$1                                : loaded 2 times (x 80B)
Class [Lorg.objectweb.asm.AnnotationVisitor;                                          : loaded 2 times (x 69B)
Class com.google.common.collect.Sets$3                                                : loaded 2 times (x 139B)
Class com.google.common.cache.LocalCache$LocalLoadingCache                            : loaded 2 times (x 134B)
Class org.gradle.internal.service.UnknownServiceException                             : loaded 2 times (x 83B)
Class com.google.common.collect.MapMakerInternalMap$StrongValueEntry                  : loaded 2 times (x 70B)
Class com.google.common.reflect.Types$ClassOwnership$2                                : loaded 2 times (x 80B)
Class com.google.common.reflect.TypeResolver                                          : loaded 2 times (x 72B)
Class com.google.common.collect.Sets$4                                                : loaded 2 times (x 139B)
Class org.objectweb.asm.ModuleVisitor                                                 : loaded 2 times (x 81B)
Class com.google.common.cache.LocalCache$Strength$1                                   : loaded 2 times (x 81B)
Class com.google.common.reflect.Types$ClassOwnership$3                                : loaded 2 times (x 71B)
Class com.google.common.collect.Collections2$FilteredCollection                       : loaded 2 times (x 119B)
Class com.google.common.util.concurrent.SettableFuture                                : loaded 2 times (x 114B)
Class com.google.common.cache.LocalCache$Strength$2                                   : loaded 2 times (x 81B)
Class kotlin.collections.ArraysKt___ArraysJvmKt                                       : loaded 2 times (x 71B)
Class kotlin.collections.CollectionsKt__CollectionsKt                                 : loaded 2 times (x 71B)
Class kotlin.text.StringsKt__RegexExtensionsJVMKt                                     : loaded 2 times (x 71B)
Class com.google.common.collect.Interners$InternerImpl                                : loaded 2 times (x 75B)
Class com.google.common.collect.Interner                                              : loaded 2 times (x 70B)
Class com.google.common.base.Splitter$1                                               : loaded 2 times (x 77B)
Class com.google.common.collect.TransformedIterator                                   : loaded 2 times (x 80B)
Class [Lcom.google.common.collect.Maps$EntryFunction;                                 : loaded 2 times (x 69B)
Class com.google.common.cache.LocalCache$Strength$3                                   : loaded 2 times (x 81B)
Class com.google.common.collect.MapDifference                                         : loaded 2 times (x 70B)
Class kotlin._Assertions                                                              : loaded 2 times (x 71B)
Class com.google.common.collect.MapMaker$Dummy                                        : loaded 2 times (x 79B)
Class com.google.common.reflect.Invokable                                             : loaded 2 times (x 103B)
Class org.objectweb.asm.FieldWriter                                                   : loaded 2 times (x 78B)
Class com.google.common.cache.CacheBuilder$NullListener                               : loaded 2 times (x 82B)
Class ijJvmDebugger1_2k2az7nb9y3plcl3duqimlsrv$_run_closure1$_closure2                : loaded 2 times (x 140B)
Class org.gradle.internal.classpath.TransformedClassPath                              : loaded 2 times (x 96B)
Class org.gradle.internal.classloader.InstrumentingClassLoader                        : loaded 2 times (x 70B)
Class kotlin.enums.EnumEntriesList                                                    : loaded 2 times (x 223B)
Class com.google.common.reflect.Types$ParameterizedTypeImpl                           : loaded 2 times (x 81B)
Class com.google.common.collect.Maps$IteratorBasedAbstractMap$1                       : loaded 2 times (x 138B)
Class com.google.common.cache.CacheLoader$FunctionToCacheLoader                       : loaded 2 times (x 75B)
Class com.google.common.collect.Iterators$ArrayItr                                    : loaded 2 times (x 97B)
Class com.google.common.collect.ImmutableCollection$Builder                           : loaded 2 times (x 76B)
Class kotlin.comparisons.ComparisonsKt___ComparisonsJvmKt                             : loaded 2 times (x 71B)
Class kotlin.collections.CollectionsKt__IteratorsJVMKt                                : loaded 2 times (x 71B)
Class kotlin.text.StringsKt__StringsKt                                                : loaded 2 times (x 71B)
Class com.google.common.reflect.TypeResolver$TypeVariableKey                          : loaded 2 times (x 72B)
Class com.google.common.base.Joiner                                                   : loaded 2 times (x 79B)
Class com.google.common.base.MoreObjects                                              : loaded 2 times (x 71B)
Class [Lorg.jetbrains.kotlin.com.intellij.openapi.diagnostic.LogLevel;                : loaded 2 times (x 69B)
Class org.jetbrains.kotlin.build.report.metrics.GradleBuildTime                       : loaded 2 times (x 86B)
Class com.google.common.collect.Platform                                              : loaded 2 times (x 71B)
Class [Lorg.objectweb.asm.Type;                                                       : loaded 2 times (x 69B)
Class com.google.common.collect.UnmodifiableIterator                                  : loaded 2 times (x 80B)
Class org.gradle.internal.service.ServiceLocator                                      : loaded 2 times (x 70B)
Class jdk.internal.jrtfs.JrtFileSystemProvider                                        : loaded 2 times (x 101B)
Class kotlin.Pair                                                                     : loaded 2 times (x 72B)
Class [Lkotlin.Function;                                                              : loaded 2 times (x 69B)
Class com.google.common.collect.HashBiMap$BiEntry                                     : loaded 2 times (x 83B)
Class com.google.common.base.Ascii                                                    : loaded 2 times (x 71B)
Class com.google.common.collect.SingletonImmutableBiMap                               : loaded 2 times (x 143B)
Class com.google.common.cache.LocalCache$1                                            : loaded 2 times (x 89B)
Class com.google.common.collect.Iterators$SingletonIterator                           : loaded 2 times (x 81B)
Class com.google.common.collect.AbstractMapEntry                                      : loaded 2 times (x 81B)
Class kotlin.io.CloseableKt                                                           : loaded 2 times (x 71B)
Class kotlin.collections.CollectionsKt__MutableCollectionsKt                          : loaded 2 times (x 71B)
Class com.google.common.collect.AbstractSetMultimap                                   : loaded 2 times (x 174B)
Class com.google.common.collect.MapMakerInternalMap$AbstractStrongKeyEntry            : loaded 2 times (x 80B)
Class com.google.common.reflect.TypeToken$SimpleTypeToken                             : loaded 2 times (x 73B)
Class com.google.common.collect.Sets$ImprovedAbstractSet                              : loaded 2 times (x 135B)
Class com.google.common.collect.ImmutableList$Builder                                 : loaded 2 times (x 77B)
Class com.google.common.collect.AbstractMultimap                                      : loaded 2 times (x 123B)
Class com.google.common.cache.LocalCache$2                                            : loaded 2 times (x 142B)
Class kotlin.io.TerminateException                                                    : loaded 2 times (x 82B)
Class kotlin.io.FilesKt__FilePathComponentsKt                                         : loaded 2 times (x 71B)
Class com.google.common.collect.RegularImmutableAsList                                : loaded 2 times (x 217B)
Class com.google.common.base.Optional                                                 : loaded 2 times (x 80B)
Class com.google.common.util.concurrent.AbstractFuture$Trusted                        : loaded 2 times (x 70B)
Class com.google.common.collect.Iterators                                             : loaded 2 times (x 71B)
Class jdk.internal.jimage.ImageLocation                                               : loaded 2 times (x 90B)
Class [Lorg.jetbrains.kotlin.build.report.metrics.BuildTime;                          : loaded 2 times (x 69B)
Class com.google.common.io.ByteSink$AsCharSink                                        : loaded 2 times (x 80B)
Class com.google.common.collect.Lists$StringAsImmutableList                           : loaded 2 times (x 207B)
Class com.google.common.util.concurrent.UncheckedExecutionException                   : loaded 2 times (x 82B)
Class org.gradle.kotlin.dsl.VersionCatalogAccessorsKt                                 : loaded 2 times (x 71B)
Class jdk.internal.jimage.ImageBufferCache$1                                          : loaded 2 times (x 83B)
Class kotlin.collections.EmptyList                                                    : loaded 2 times (x 174B)
Class kotlin.collections.MapsKt__MapsJVMKt                                            : loaded 2 times (x 71B)
Class com.google.common.collect.HashMultimapGwtSerializationDependencies              : loaded 2 times (x 174B)
Class com.google.common.collect.AbstractMapBasedMultimap$KeySet$1                     : loaded 2 times (x 82B)
Class org.objectweb.asm.ClassWriter                                                   : loaded 2 times (x 106B)
Class com.google.common.base.CharMatcher$And                                          : loaded 2 times (x 112B)
Class com.google.common.cache.CacheLoader$UnsupportedLoadingOperationException        : loaded 2 times (x 82B)
Class jdk.internal.jimage.ImageBufferCache$2                                          : loaded 2 times (x 91B)
Class com.google.common.collect.FluentIterable$1                                      : loaded 2 times (x 81B)
Class com.google.common.base.Objects                                                  : loaded 2 times (x 71B)
Class org.objectweb.asm.FieldVisitor                                                  : loaded 2 times (x 77B)
Class com.google.common.collect.IndexedImmutableSet                                   : loaded 2 times (x 152B)
Class com.google.common.collect.ImmutableMap$1                                        : loaded 2 times (x 81B)
Class com.google.common.collect.BiMap                                                 : loaded 2 times (x 70B)
Class org.gradle.api.internal.classpath.DefaultModuleRegistry$DefaultModule           : loaded 2 times (x 82B)
Class com.google.common.reflect.Reflection                                            : loaded 2 times (x 71B)
Class com.google.common.collect.FluentIterable$2                                      : loaded 2 times (x 81B)
Class com.google.common.base.Absent                                                   : loaded 2 times (x 80B)
Class com.google.common.primitives.Ints                                               : loaded 2 times (x 71B)
Class com.google.common.collect.AbstractIterator                                      : loaded 2 times (x 82B)
Class kotlin.collections.ArraysKt__ArraysKt                                           : loaded 2 times (x 71B)
Class com.google.common.collect.FluentIterable$3                                      : loaded 2 times (x 81B)
Class com.google.common.collect.ObjectArrays                                          : loaded 2 times (x 71B)
Class com.google.common.math.MathPreconditions                                        : loaded 2 times (x 71B)
Class com.google.common.collect.Multiset                                              : loaded 2 times (x 70B)
Class com.google.common.collect.ArrayListMultimapGwtSerializationDependencies         : loaded 2 times (x 172B)
Class com.google.common.collect.AbstractIndexedListIterator                           : loaded 2 times (x 96B)
Class ijJvmDebugger1_2k2az7nb9y3plcl3duqimlsrv                                        : loaded 2 times (x 171B)
Class kotlin.collections.SetsKt__SetsJVMKt                                            : loaded 2 times (x 71B)
Class kotlin.Function                                                                 : loaded 2 times (x 70B)
Class com.google.common.collect.ImmutableMapEntrySet                                  : loaded 2 times (x 152B)
Class org.gradle.api.internal.classpath.Module                                        : loaded 2 times (x 70B)
Class kotlin.io.FileAlreadyExistsException                                            : loaded 2 times (x 82B)
Class com.google.common.cache.Weigher                                                 : loaded 2 times (x 70B)
Class org.gradle.api.internal.classpath.UnknownModuleException                        : loaded 2 times (x 82B)
Class jdk.internal.jimage.ImageHeader                                                 : loaded 2 times (x 71B)
Class com.google.common.base.Stopwatch                                                : loaded 2 times (x 72B)
Class com.google.common.cache.LocalCache$Strength                                     : loaded 2 times (x 81B)
Class com.google.common.cache.Cache                                                   : loaded 2 times (x 70B)
Class org.jetbrains.kotlin.build.report.metrics.BuildMetricsReporter                  : loaded 2 times (x 70B)
Class com.google.common.base.NullnessCasts                                            : loaded 2 times (x 71B)
Class com.google.common.util.concurrent.AbstractFuture$Cancellation                   : loaded 2 times (x 72B)
Class com.google.common.collect.ImmutableMap$Builder                                  : loaded 2 times (x 82B)
Class com.google.common.collect.AbstractMapBasedMultimap$WrappedCollection$WrappedIterator: loaded 2 times (x 84B)
Class com.google.common.collect.Maps$EntryFunction$1                                  : loaded 2 times (x 91B)
Class com.google.common.base.Present                                                  : loaded 2 times (x 81B)
Class com.google.common.cache.RemovalListener                                         : loaded 2 times (x 70B)
Class org.gradle.api.internal.DefaultClassPathRegistry                                : loaded 2 times (x 76B)
Class com.google.common.reflect.Invokable$ConstructorInvokable                        : loaded 2 times (x 107B)
Class com.google.common.collect.Maps$EntryFunction$2                                  : loaded 2 times (x 91B)
Class com.google.common.primitives.IntsMethodsForWeb                                  : loaded 2 times (x 71B)
Class com.google.common.collect.Multimap                                              : loaded 2 times (x 70B)
Class org.gradle.internal.classpath.DefaultClassPath$ImmutableUniqueList              : loaded 2 times (x 199B)
Class org.gradle.api.internal.ClassPathRegistry                                       : loaded 2 times (x 70B)
Class kotlin.text.StringsKt__StringsJVMKt                                             : loaded 2 times (x 71B)
Class com.google.common.collect.NullnessCasts                                         : loaded 2 times (x 71B)
Class com.google.common.collect.MapMakerInternalMap$Segment                           : loaded 2 times (x 142B)
Class com.google.common.reflect.TypeToken                                             : loaded 2 times (x 73B)
Class com.google.common.base.ExtraObjectsMethodsForWeb                                : loaded 2 times (x 71B)
Class kotlin.collections.SetsKt                                                       : loaded 2 times (x 71B)
Class kotlin.text.StringsKt__IndentKt                                                 : loaded 2 times (x 71B)
Class com.google.common.collect.BaseImmutableMultimap                                 : loaded 2 times (x 123B)
Class com.google.common.io.ByteSink                                                   : loaded 2 times (x 76B)
Class com.google.common.cache.CacheBuilder                                            : loaded 2 times (x 72B)
Class com.google.common.collect.SingletonImmutableList                                : loaded 2 times (x 207B)
Class Settings_gradle$1                                                               : loaded 2 times (x 74B)
Class org.gradle.internal.classpath.ClassPath                                         : loaded 2 times (x 70B)
Class com.google.common.collect.Interners$InternerBuilder                             : loaded 2 times (x 76B)
Class com.google.common.io.Files$FileByteSource                                       : loaded 2 times (x 85B)
Class [Lcom.google.common.reflect.Types$JavaVersion;                                  : loaded 2 times (x 69B)
Class com.google.common.base.JdkPattern                                               : loaded 2 times (x 75B)
Class com.google.common.collect.ImmutableList$ReverseImmutableList                    : loaded 2 times (x 209B)
Class org.jetbrains.kotlin.com.intellij.openapi.diagnostic.Logger                     : loaded 2 times (x 99B)
Class kotlin.collections.MapsKt__MapsKt                                               : loaded 2 times (x 71B)
Class org.objectweb.asm.SymbolTable$Entry                                             : loaded 2 times (x 74B)
Class org.gradle.api.internal.classpath.DefaultModuleRegistry$DefaultModuleAlias      : loaded 2 times (x 80B)
Class jdk.internal.jimage.ImageStringsReader                                          : loaded 2 times (x 80B)
Class org.objectweb.asm.Edge                                                          : loaded 2 times (x 72B)
Class com.google.common.base.Suppliers$SupplierOfInstance                             : loaded 2 times (x 79B)
Class com.google.common.collect.Iterators$1                                           : loaded 2 times (x 81B)
Class kotlin.UninitializedPropertyAccessException                                     : loaded 2 times (x 82B)
Class com.google.common.reflect.TypeToken$1                                           : loaded 2 times (x 110B)
Class com.google.common.cache.LocalCache$ComputingValueReference                      : loaded 2 times (x 96B)
Class com.google.common.collect.SingletonImmutableSet                                 : loaded 2 times (x 146B)
Class com.google.common.collect.ImmutableMap$IteratorBasedImmutableMap                : loaded 2 times (x 126B)
Class jdk.internal.jimage.ImageReader                                                 : loaded 2 times (x 75B)
Class com.google.common.reflect.TypeToken$2                                           : loaded 2 times (x 110B)
Class com.google.common.cache.LocalCache$Segment                                      : loaded 2 times (x 154B)
Class jdk.internal.jimage.ImageReader$SharedImageReader                               : loaded 2 times (x 95B)
Class com.google.common.collect.AbstractListMultimap                                  : loaded 2 times (x 172B)
Class [Lorg.objectweb.asm.SymbolTable$Entry;                                          : loaded 2 times (x 69B)
Class com.google.common.cache.CacheLoader                                             : loaded 2 times (x 74B)
Class com.google.common.collect.Iterators$4                                           : loaded 2 times (x 82B)
Class com.google.common.collect.ImmutableBiMap                                        : loaded 2 times (x 143B)
Class org.gradle.api.internal.classpath.ModuleRegistry                                : loaded 2 times (x 70B)
Class org.gradle.internal.installation.GradleInstallation$1                           : loaded 2 times (x 75B)
Class com.google.common.base.Splitter$SplittingIterator                               : loaded 2 times (x 84B)
Class com.google.common.collect.ImmutableSet$JdkBackedSetBuilderImpl                  : loaded 2 times (x 76B)
Class com.google.common.util.concurrent.internal.InternalFutureFailureAccess          : loaded 2 times (x 72B)
Class com.google.common.collect.Iterators$5                                           : loaded 2 times (x 82B)
Class com.google.common.collect.Iterators$6                                           : loaded 2 times (x 81B)
Class com.google.common.collect.HashBiMap$Inverse                                     : loaded 2 times (x 142B)
Class com.google.common.base.CharMatcher$ForPredicate                                 : loaded 2 times (x 112B)
Class com.google.common.cache.LocalCache$LocalManualCache$1                           : loaded 2 times (x 75B)
Class jdk.internal.jimage.ImageReader$Node                                            : loaded 2 times (x 84B)
Class kotlin.io.FilesKt__UtilsKt                                                      : loaded 2 times (x 71B)
Class kotlin.collections.CollectionsKt__CollectionsJVMKt                              : loaded 2 times (x 71B)
Class com.google.common.base.CharMatcher$AnyOf                                        : loaded 2 times (x 112B)
Class com.google.common.collect.ImmutableCollection                                   : loaded 2 times (x 125B)
Class org.gradle.api.internal.classpath.DefaultModuleRegistry                         : loaded 2 times (x 84B)
Class jdk.internal.jimage.BasicImageReader$1                                          : loaded 2 times (x 77B)
Class kotlin.sequences.SequencesKt                                                    : loaded 2 times (x 71B)
Class kotlin.collections.CollectionsKt__IteratorsKt                                   : loaded 2 times (x 71B)
Class org.jetbrains.kotlin.build.report.metrics.GradleBuildTime$Companion             : loaded 2 times (x 71B)
Class com.google.common.collect.Lists                                                 : loaded 2 times (x 71B)
Class com.google.common.util.concurrent.ListenableFuture                              : loaded 2 times (x 70B)
Class com.google.common.cache.ReferenceEntry                                          : loaded 2 times (x 70B)
Class com.google.common.base.Converter                                                : loaded 2 times (x 90B)
Class com.google.common.collect.ImmutableSet$CachingAsList                            : loaded 2 times (x 148B)
Class org.jetbrains.kotlin.com.intellij.openapi.diagnostic.Logger$DefaultFactory      : loaded 2 times (x 74B)
Class kotlin.text.StringsKt                                                           : loaded 2 times (x 71B)
Class com.google.common.collect.AbstractMapBasedMultimap                              : loaded 2 times (x 139B)
Class com.google.common.util.concurrent.AbstractFuture                                : loaded 2 times (x 106B)
Class com.google.common.base.FunctionalEquivalence                                    : loaded 2 times (x 83B)
Class com.google.common.collect.Iterators$9                                           : loaded 2 times (x 81B)
Class com.google.common.collect.ImmutableAsList                                       : loaded 2 times (x 209B)
Class kotlin.LazyKt__LazyJVMKt                                                        : loaded 2 times (x 71B)
Class com.google.common.reflect.TypeResolver$TypeTable                                : loaded 2 times (x 73B)
Class org.objectweb.asm.RecordComponentVisitor                                        : loaded 2 times (x 77B)
Class com.google.common.cache.CacheLoader$SupplierToCacheLoader                       : loaded 2 times (x 75B)
Class jdk.internal.jimage.decompressor.Decompressor                                   : loaded 2 times (x 72B)
Class kotlin.io.FilesKt__FileReadWriteKt                                              : loaded 2 times (x 71B)
Class kotlin.text.StringsKt__StringNumberConversionsKt                                : loaded 2 times (x 71B)
Class com.google.common.reflect.TypeResolver$TypeTable$1                              : loaded 2 times (x 73B)
Class com.google.common.collect.Maps$EntryTransformer                                 : loaded 2 times (x 70B)
Class org.gradle.internal.service.ServiceLookupException                              : loaded 2 times (x 82B)
Class org.jetbrains.kotlin.com.intellij.openapi.diagnostic.LogLevel                   : loaded 2 times (x 79B)
Class com.google.common.collect.Lists$ReverseList                                     : loaded 2 times (x 200B)
Class [Lcom.google.common.cache.LocalCache$EntryFactory;                              : loaded 2 times (x 69B)
Class org.gradle.internal.classloader.ClassLoaderFactory                              : loaded 2 times (x 70B)
Class com.google.common.collect.ImmutableMap$SerializedForm                           : loaded 2 times (x 73B)
Class com.google.common.base.CommonPattern                                            : loaded 2 times (x 74B)
Class com.google.common.base.CharMatcher$IsNot                                        : loaded 2 times (x 111B)
Class com.google.common.cache.LocalCache$LocalManualCache                             : loaded 2 times (x 99B)
Class org.gradle.internal.service.CachingServiceLocator                               : loaded 2 times (x 82B)
Class com.google.common.collect.AbstractMapBasedMultimap$KeySet                       : loaded 2 times (x 137B)
Class com.google.common.math.IntMath                                                  : loaded 2 times (x 71B)
Class org.jetbrains.kotlin.build.report.metrics.BuildTime                             : loaded 2 times (x 70B)
Class com.google.common.collect.MapMakerInternalMap$InternalEntry                     : loaded 2 times (x 70B)
Class com.google.common.reflect.Types$TypeVariableInvocationHandler                   : loaded 2 times (x 75B)
Class [Lcom.google.common.collect.HashBiMap$BiEntry;                                  : loaded 2 times (x 69B)
Class com.google.common.collect.ImmutableMapEntry                                     : loaded 2 times (x 85B)
Class kotlin.enums.EnumEntries                                                        : loaded 2 times (x 70B)
Class org.jetbrains.kotlin.build.report.metrics.DoNothingBuildMetricsReporter         : loaded 2 times (x 86B)
Class com.google.common.collect.ImmutableMultimap                                     : loaded 2 times (x 147B)
Class com.google.common.base.Predicates                                               : loaded 2 times (x 71B)
Class com.google.common.base.Equivalence                                              : loaded 2 times (x 82B)
Class com.google.common.base.Function                                                 : loaded 2 times (x 70B)
Class com.google.common.collect.ImmutableMapEntry$NonTerminalImmutableMapEntry        : loaded 2 times (x 85B)
Class com.google.common.collect.IndexedImmutableSet$1                                 : loaded 2 times (x 213B)
Class com.google.common.cache.CacheBuilder$OneWeigher                                 : loaded 2 times (x 82B)
Class com.google.common.collect.RegularImmutableList                                  : loaded 2 times (x 213B)
Class jdk.internal.jimage.ImageBufferCache                                            : loaded 2 times (x 71B)
Class jdk.internal.jrtfs.JrtPath                                                      : loaded 2 times (x 118B)
Class org.jetbrains.kotlin.com.intellij.openapi.diagnostic.Logger$Factory             : loaded 2 times (x 70B)
Class com.google.common.reflect.Types$ClassOwnership$1LocalClass                      : loaded 2 times (x 71B)
Class com.google.common.collect.Maps$EntryFunction                                    : loaded 2 times (x 91B)
Class org.gradle.internal.classloader.ClasspathUtil                                   : loaded 2 times (x 71B)
Class kotlin.io.FileSystemException                                                   : loaded 2 times (x 82B)
Class com.google.common.util.concurrent.Uninterruptibles                              : loaded 2 times (x 71B)
Class com.google.common.collect.AbstractMapBasedMultimap$WrappedSet                   : loaded 2 times (x 142B)
Class com.google.common.util.concurrent.LazyLogger                                    : loaded 2 times (x 72B)
Class com.google.common.collect.Maps                                                  : loaded 2 times (x 71B)
Class org.gradle.api.specs.Spec                                                       : loaded 2 times (x 70B)
Class com.google.common.collect.MapMaker                                              : loaded 2 times (x 72B)
Class com.google.common.reflect.Types$JavaVersion                                     : loaded 2 times (x 83B)
Class [Lcom.google.common.collect.ImmutableEntry;                                     : loaded 2 times (x 69B)
Class com.google.common.cache.LocalCache$LoadingValueReference                        : loaded 2 times (x 96B)
Class ijKotlinCoroutineJvmDebugInit1_ajx8h5pjbvhs9chusb6rdoeez                        : loaded 2 times (x 171B)
Class kotlin.SynchronizedLazyImpl                                                     : loaded 2 times (x 76B)
Class kotlin.text.StringsKt__RegexExtensionsKt                                        : loaded 2 times (x 71B)
Class com.google.common.collect.MapMakerInternalMap$StrongKeyDummyValueEntry          : loaded 2 times (x 82B)
Class com.google.common.reflect.Invokable$MethodInvokable                             : loaded 2 times (x 107B)
Class com.google.common.base.Platform                                                 : loaded 2 times (x 71B)
Class ijJvmDebugger1_2k2az7nb9y3plcl3duqimlsrv$_run_closure1                          : loaded 2 times (x 139B)
Class jdk.internal.jimage.ImageReader$Directory                                       : loaded 2 times (x 84B)
Class kotlin.sequences.SequencesKt__SequencesJVMKt                                    : loaded 2 times (x 71B)
Class kotlin.collections.AbstractList                                                 : loaded 2 times (x 197B)
Class kotlin.collections.AbstractCollection                                           : loaded 2 times (x 117B)
Class com.google.common.collect.AbstractMapBasedMultimap$WrappedList                  : loaded 2 times (x 205B)
Class [Lorg.objectweb.asm.AnnotationWriter;                                           : loaded 2 times (x 69B)
Class com.google.common.collect.Maps$8                                                : loaded 2 times (x 82B)
Class kotlin.LazyKt__LazyKt                                                           : loaded 2 times (x 71B)
Class kotlin.text.StringsKt__StringBuilderJVMKt                                       : loaded 2 times (x 71B)
Class [Lcom.google.common.collect.Iterators$EmptyModifiableIterator;                  : loaded 2 times (x 69B)
Class com.google.common.base.Predicates$CompositionPredicate                          : loaded 2 times (x 88B)
Class com.google.common.collect.Lists$ReverseList$1                                   : loaded 2 times (x 99B)
Class com.google.common.collect.Sets$SetView                                          : loaded 2 times (x 138B)
Class com.google.common.cache.LocalCache$StrongValueReference                         : loaded 2 times (x 90B)
Class kotlin.UNINITIALIZED_VALUE                                                      : loaded 2 times (x 71B)
Class com.google.common.graph.SuccessorsFunction                                      : loaded 2 times (x 70B)
Class org.objectweb.asm.Type                                                          : loaded 2 times (x 72B)
Class org.gradle.internal.classloader.VisitableURLClassLoader$InstrumentingVisitableURLClassLoader: loaded 2 times (x 123B)
Class kotlin.comparisons.ComparisonsKt__ComparisonsKt                                 : loaded 2 times (x 71B)
Class kotlin.ranges.RangesKt__RangesKt                                                : loaded 2 times (x 71B)
Class kotlin.collections.SetsKt___SetsKt                                              : loaded 2 times (x 71B)
Class kotlin.sequences.SequencesKt__SequencesKt                                       : loaded 2 times (x 71B)
Class com.google.common.collect.MapMakerInternalMap$StrongKeyDummyValueEntry$Helper   : loaded 2 times (x 79B)
Class com.google.common.io.Files$FileByteSink                                         : loaded 2 times (x 77B)
Class com.google.common.math.IntMath$1                                                : loaded 2 times (x 71B)
Class org.objectweb.asm.ByteVector                                                    : loaded 2 times (x 79B)
Class [Lcom.google.common.cache.CacheBuilder$NullListener;                            : loaded 2 times (x 69B)
Class org.gradle.internal.classloader.VisitableURLClassLoader$Spec                    : loaded 2 times (x 74B)
Class org.gradle.internal.classpath.DefaultClassPath                                  : loaded 2 times (x 90B)
Class kotlin.comparisons.ComparisonsKt                                                : loaded 2 times (x 71B)
Class kotlin.comparisons.ComparisonsKt___ComparisonsKt                                : loaded 2 times (x 71B)
Class kotlin.sequences.FilteringSequence                                              : loaded 2 times (x 75B)
Class [Lorg.jetbrains.kotlin.build.report.metrics.GradleBuildTime;                    : loaded 2 times (x 69B)
Class com.google.common.base.AbstractIterator                                         : loaded 2 times (x 80B)
Class com.google.common.reflect.Types$ClassOwnership                                  : loaded 2 times (x 80B)
Class org.objectweb.asm.Symbol                                                        : loaded 2 times (x 73B)
Class com.google.common.collect.Sets$FilteredSet                                      : loaded 2 times (x 137B)
Class com.google.common.io.Closer                                                     : loaded 2 times (x 78B)
Class com.google.common.base.CharMatcher$BitSetMatcher                                : loaded 2 times (x 112B)
Class com.google.common.collect.RegularImmutableMap$Values                            : loaded 2 times (x 207B)
Class com.google.common.collect.ImmutableSet                                          : loaded 2 times (x 145B)
Class org.gradle.internal.classloader.ClassLoaderSpec                                 : loaded 2 times (x 71B)
Class kotlin.collections.CollectionsKt___CollectionsJvmKt                             : loaded 2 times (x 71B)
Class org.objectweb.asm.AnnotationWriter                                              : loaded 2 times (x 79B)
Class com.google.common.cache.CacheStats                                              : loaded 2 times (x 71B)
Class kotlin.TuplesKt                                                                 : loaded 2 times (x 71B)
Class kotlin.Unit                                                                     : loaded 2 times (x 71B)
Class kotlin.sequences.SequencesKt___SequencesJvmKt                                   : loaded 2 times (x 71B)
Class com.google.common.collect.Interners                                             : loaded 2 times (x 71B)
Class com.google.common.io.LineProcessor                                              : loaded 2 times (x 70B)
Class com.google.common.io.Closer$Suppressor                                          : loaded 2 times (x 70B)
Class org.objectweb.asm.RecordComponentWriter                                         : loaded 2 times (x 78B)
Class com.google.common.util.concurrent.AbstractFuture$Listener                       : loaded 2 times (x 72B)
Class com.google.common.base.CharMatcher$Or                                           : loaded 2 times (x 112B)
Class Settings_gradle$1$1                                                             : loaded 2 times (x 74B)
Class org.gradle.api.internal.classpath.Module$ModuleAlias                            : loaded 2 times (x 70B)
Class kotlin.ranges.RangesKt                                                          : loaded 2 times (x 71B)
Class org.objectweb.asm.Attribute                                                     : loaded 2 times (x 77B)
Class com.google.common.base.Supplier                                                 : loaded 2 times (x 70B)
Class org.gradle.internal.classloader.VisitableURLClassLoader                         : loaded 2 times (x 117B)
Class kotlin.collections.ArraysUtilJVM                                                : loaded 2 times (x 71B)
Class kotlin.jvm.functions.Function0                                                  : loaded 2 times (x 70B)
Class com.google.common.collect.ImmutableList$SerializedForm                          : loaded 2 times (x 73B)
Class Settings_gradle                                                                 : loaded 2 times (x 124B)
Class org.gradle.internal.Cast                                                        : loaded 2 times (x 71B)
Class org.gradle.api.Action                                                           : loaded 2 times (x 70B)
Class kotlin.jvm.functions.Function1                                                  : loaded 2 times (x 70B)
Class com.google.common.collect.MapMakerInternalMap                                   : loaded 2 times (x 161B)
Class com.google.common.collect.HashBiMap                                             : loaded 2 times (x 143B)
Class com.google.common.base.Strings                                                  : loaded 2 times (x 71B)
Class com.google.common.collect.Sets                                                  : loaded 2 times (x 71B)
Class org.objectweb.asm.Handler                                                       : loaded 2 times (x 72B)
Class com.google.common.base.CharMatcher$FastMatcher                                  : loaded 2 times (x 111B)
Class com.google.common.base.Ticker                                                   : loaded 2 times (x 72B)
Class kotlin.jvm.functions.Function2                                                  : loaded 2 times (x 70B)
Class [Lcom.google.common.cache.LocalCache$Segment;                                   : loaded 2 times (x 69B)
Class com.google.common.base.Predicate                                                : loaded 2 times (x 70B)
Class [Lcom.google.common.cache.LocalCache$Strength;                                  : loaded 2 times (x 69B)
Class com.google.common.cache.CacheBuilder$1                                          : loaded 2 times (x 85B)
Class com.google.common.collect.ImmutableMap                                          : loaded 2 times (x 120B)
Class org.gradle.internal.classpath.DefaultClassPath$ImmutableUniqueList$Builder      : loaded 2 times (x 75B)
Class kotlin.jvm.functions.Function3                                                  : loaded 2 times (x 70B)
Class kotlin.collections.MapsKt___MapsJvmKt                                           : loaded 2 times (x 71B)
Class com.google.common.collect.MapMakerInternalMap$WeakValueReference                : loaded 2 times (x 70B)
Class com.google.common.base.CharMatcher$NegatedFastMatcher                           : loaded 2 times (x 113B)
Class com.google.common.cache.LocalCache                                              : loaded 2 times (x 187B)
Class com.google.common.cache.CacheBuilder$2                                          : loaded 2 times (x 79B)
Class kotlin.collections.CollectionsKt___CollectionsKt                                : loaded 2 times (x 71B)
Class com.google.common.collect.ArrayListMultimap                                     : loaded 2 times (x 172B)
Class com.google.common.cache.CacheBuilder$3                                          : loaded 2 times (x 72B)
Class [Lcom.google.common.collect.AbstractMapEntry;                                   : loaded 2 times (x 69B)
Class com.google.common.collect.ImmutableEntry                                        : loaded 2 times (x 82B)
Class org.gradle.api.GradleException                                                  : loaded 2 times (x 82B)
Class jdk.internal.jimage.ImageStrings                                                : loaded 2 times (x 70B)
Class kotlin.text.StringsKt___StringsJvmKt                                            : loaded 2 times (x 71B)
Class com.google.common.base.Suppliers$MemoizingSupplier                              : loaded 2 times (x 79B)
Class com.google.common.collect.CollectPreconditions                                  : loaded 2 times (x 71B)
Class kotlin.collections.MapsKt___MapsKt                                              : loaded 2 times (x 71B)
Class kotlin.io.FilesKt                                                               : loaded 2 times (x 71B)
Class kotlin.collections.ArraysKt___ArraysKt                                          : loaded 2 times (x 71B)
Class [Lcom.google.common.collect.MapMakerInternalMap$Strength;                       : loaded 2 times (x 69B)
Class [Lcom.google.common.io.FileWriteMode;                                           : loaded 2 times (x 69B)
Class com.google.common.collect.Maps$AbstractFilteredMap                              : loaded 2 times (x 127B)
Class com.google.common.collect.SortedMapDifference                                   : loaded 2 times (x 70B)
Class kotlin.collections.MapsKt__MapWithDefaultKt                                     : loaded 2 times (x 71B)
Class com.google.common.collect.Iterables$4                                           : loaded 2 times (x 81B)
Class com.google.common.collect.MapMakerInternalMap$StrongKeyDummyValueSegment        : loaded 2 times (x 142B)
Class com.google.common.io.Files                                                      : loaded 2 times (x 71B)
Class com.google.common.cache.LocalCache$WriteThroughEntry                            : loaded 2 times (x 79B)
Class com.google.common.cache.LocalCache$HashIterator                                 : loaded 2 times (x 86B)
Class com.google.common.cache.LocalCache$EntryFactory                                 : loaded 2 times (x 83B)
Class kotlin.collections.CollectionsKt__MutableCollectionsJVMKt                       : loaded 2 times (x 71B)
Class kotlin.enums.EnumEntriesKt                                                      : loaded 2 times (x 71B)
Class kotlin.text.StringsKt___StringsKt                                               : loaded 2 times (x 71B)
Class [Lcom.google.common.collect.MapMaker$Dummy;                                     : loaded 2 times (x 69B)
Class com.google.common.base.CharMatcher$Whitespace                                   : loaded 2 times (x 112B)
Class com.google.common.reflect.Types$NativeTypeVariableEquals                        : loaded 2 times (x 71B)
Class com.google.common.reflect.TypeParameter                                         : loaded 2 times (x 72B)
Class com.google.common.collect.Iterables$5                                           : loaded 2 times (x 81B)
Class com.google.common.cache.LocalCache$AbstractReferenceEntry                       : loaded 2 times (x 107B)
Class org.gradle.internal.IoActions                                                   : loaded 2 times (x 71B)
Class com.google.common.collect.ImmutableMapKeySet                                    : loaded 2 times (x 152B)
Class org.objectweb.asm.SymbolTable                                                   : loaded 2 times (x 72B)
Class com.google.common.cache.CacheLoader$InvalidCacheLoadException                   : loaded 2 times (x 82B)
Class com.google.common.collect.ImmutableSet$RegularSetBuilderImpl                    : loaded 2 times (x 77B)
Class kotlin.jvm.internal.Intrinsics                                                  : loaded 2 times (x 71B)
Class com.google.common.collect.FluentIterable                                        : loaded 2 times (x 81B)
Class com.google.common.cache.LocalCache$StrongEntry                                  : loaded 2 times (x 108B)
Class com.google.common.util.concurrent.AbstractFuture$TrustedFuture                  : loaded 2 times (x 114B)
Class com.google.common.cache.LoadingCache                                            : loaded 2 times (x 70B)
Class jdk.internal.jrtfs.JrtFileSystem                                                : loaded 2 times (x 102B)
Class kotlin.collections.MapsKt                                                       : loaded 2 times (x 71B)
Class kotlin.collections.CollectionsKt__IterablesKt                                   : loaded 2 times (x 71B)
Class com.google.common.base.Suppliers$NonSerializableMemoizingSupplier               : loaded 2 times (x 79B)
Class org.objectweb.asm.MethodWriter                                                  : loaded 2 times (x 106B)
Class [Lcom.google.common.cache.Weigher;                                              : loaded 2 times (x 69B)
Class com.google.common.collect.RegularImmutableMap$BucketOverflowException           : loaded 2 times (x 82B)
Class kotlin.KotlinNullPointerException                                               : loaded 2 times (x 83B)
Class com.google.common.collect.AbstractMapBasedMultimap$RandomAccessWrappedList      : loaded 2 times (x 205B)
Class ijKotlinCoroutineJvmDebugInit1_ajx8h5pjbvhs9chusb6rdoeez$_run_closure1$_closure2: loaded 2 times (x 139B)
Class kotlin.ranges.RangesKt___RangesKt                                               : loaded 2 times (x 71B)
Class com.google.common.reflect.Types$JavaVersion$1                                   : loaded 2 times (x 83B)
Class com.google.common.collect.AbstractIterator$State                                : loaded 2 times (x 79B)
Class com.google.common.collect.RegularImmutableBiMap                                 : loaded 2 times (x 149B)
Class com.google.common.base.CharMatcher$Negated                                      : loaded 2 times (x 113B)
Class com.google.common.base.CharMatcher$Is                                           : loaded 2 times (x 111B)
Class com.google.common.cache.LocalCache$ValueReference                               : loaded 2 times (x 70B)
Class org.jetbrains.kotlin.com.intellij.openapi.diagnostic.Attachment                 : loaded 2 times (x 72B)
Class kotlin.collections.ArraysKt                                                     : loaded 2 times (x 71B)
Class com.google.common.reflect.Types$JavaVersion$2                                   : loaded 2 times (x 83B)
Class com.google.common.reflect.Types                                                 : loaded 2 times (x 71B)
Class com.google.common.hash.PrimitiveSink                                            : loaded 2 times (x 70B)
Class com.google.common.base.PatternCompiler                                          : loaded 2 times (x 70B)
Class com.google.common.util.concurrent.AbstractFuture$Failure                        : loaded 2 times (x 72B)
Class com.google.common.base.Equivalence$Equals                                       : loaded 2 times (x 82B)
Class com.google.common.collect.Hashing                                               : loaded 2 times (x 71B)
Class com.google.common.base.Preconditions                                            : loaded 2 times (x 71B)
Class kotlin.collections.SetsKt__SetsKt                                               : loaded 2 times (x 71B)
Class kotlin.LazyKt                                                                   : loaded 2 times (x 71B)
Class com.google.common.collect.ImmutableSetMultimap                                  : loaded 2 times (x 180B)
Class com.google.common.io.CharSink                                                   : loaded 2 times (x 79B)
Class com.google.common.reflect.Types$JavaVersion$3                                   : loaded 2 times (x 83B)
Class com.google.common.base.Joiner$1                                                 : loaded 2 times (x 80B)
Class org.objectweb.asm.Label                                                         : loaded 2 times (x 73B)
Class org.objectweb.asm.CurrentFrame                                                  : loaded 2 times (x 73B)
Class org.objectweb.asm.ClassTooLargeException                                        : loaded 2 times (x 83B)
Class com.google.common.base.CharMatcher                                              : loaded 2 times (x 111B)
Class com.google.common.collect.PeekingIterator                                       : loaded 2 times (x 70B)
Class kotlin.collections.ArraysKt__ArraysJVMKt                                        : loaded 2 times (x 71B)
Class com.google.common.collect.MapMakerInternalMap$InternalEntryHelper               : loaded 2 times (x 70B)
Class com.google.common.collect.Table                                                 : loaded 2 times (x 70B)
Class com.google.common.reflect.Types$JavaVersion$4                                   : loaded 2 times (x 83B)
Class com.google.common.collect.Maps$IteratorBasedAbstractMap                         : loaded 2 times (x 125B)
Class com.google.common.base.Joiner$2                                                 : loaded 2 times (x 79B)
Class org.objectweb.asm.Frame                                                         : loaded 2 times (x 73B)
Class org.objectweb.asm.MethodVisitor                                                 : loaded 2 times (x 105B)
Class com.google.common.base.CharMatcher$1                                            : loaded 2 times (x 113B)
Class com.google.common.base.CharMatcher$NamedFastMatcher                             : loaded 2 times (x 112B)
Class com.google.common.cache.LocalCache$EntryFactory$1                               : loaded 2 times (x 83B)
Class [Lcom.google.common.cache.RemovalListener;                                      : loaded 2 times (x 69B)
Class kotlin.text.StringsKt__StringBuilderKt                                          : loaded 2 times (x 71B)
Class com.google.common.reflect.Types$JavaVersion$5                                   : loaded 2 times (x 71B)
Class [Lcom.google.common.reflect.Types$ClassOwnership;                               : loaded 2 times (x 69B)
Class com.google.common.cache.LocalCache$EntryFactory$2                               : loaded 2 times (x 83B)
Class kotlin.Lazy                                                                     : loaded 2 times (x 70B)
Class kotlin.NoWhenBranchMatchedException                                             : loaded 2 times (x 82B)
Class org.objectweb.asm.ModuleWriter                                                  : loaded 2 times (x 82B)
Class com.google.common.cache.LocalCache$EntryFactory$3                               : loaded 2 times (x 83B)
Class com.google.common.base.Ticker$1                                                 : loaded 2 times (x 72B)
Class com.google.common.collect.Maps$BiMapConverter                                   : loaded 2 times (x 90B)
Class com.google.common.collect.ImmutableMapEntrySet$RegularEntrySet                  : loaded 2 times (x 152B)
Class [Lkotlin.jvm.functions.Function1;                                               : loaded 2 times (x 69B)
Class com.google.common.collect.SetMultimap                                           : loaded 2 times (x 70B)
Class com.google.common.collect.ImmutableSet$Builder                                  : loaded 2 times (x 85B)
Class com.google.common.base.CharMatcher$InRange                                      : loaded 2 times (x 111B)
Class com.google.common.cache.LocalCache$EntryFactory$4                               : loaded 2 times (x 83B)
Class kotlin.sequences.ConstrainedOnceSequence                                        : loaded 2 times (x 75B)
Class com.google.common.cache.LocalCache$EntryFactory$5                               : loaded 2 times (x 83B)
Class kotlin.jvm.internal.markers.KMappedMarker                                       : loaded 2 times (x 70B)
Class kotlin.NotImplementedError                                                      : loaded 2 times (x 82B)
Class com.google.common.collect.HashMultimap                                          : loaded 2 times (x 174B)
Class com.google.common.cache.LocalCache$EntryFactory$6                               : loaded 2 times (x 83B)
Class org.gradle.internal.installation.CurrentGradleInstallationLocator               : loaded 2 times (x 71B)
Class com.google.common.collect.Maps$KeySet                                           : loaded 2 times (x 137B)
Class com.google.common.collect.ImmutableSet$EmptySetBuilderImpl                      : loaded 2 times (x 76B)
Class com.google.common.cache.LocalCache$EntryFactory$7                               : loaded 2 times (x 83B)
Class com.google.common.collect.ImmutableList                                         : loaded 2 times (x 206B)
Class org.gradle.internal.service.DefaultServiceLocator                               : loaded 2 times (x 83B)
Class com.google.common.collect.Maps$EntrySet                                         : loaded 2 times (x 136B)
Class com.google.common.cache.LocalCache$EntryFactory$8                               : loaded 2 times (x 83B)
Class com.google.common.collect.ImmutableSet$SetBuilderImpl                           : loaded 2 times (x 76B)
Class org.gradle.internal.installation.CurrentGradleInstallation                      : loaded 2 times (x 73B)
Class com.google.common.cache.CacheLoader$1                                           : loaded 2 times (x 75B)
Class com.google.common.collect.ForwardingObject                                      : loaded 2 times (x 72B)
Class com.google.common.collect.ImmutableList$SubList                                 : loaded 2 times (x 209B)
Class org.gradle.util.internal.GUtil                                                  : loaded 2 times (x 71B)
Class kotlin.io.NoSuchFileException                                                   : loaded 2 times (x 82B)
Class kotlin.collections.CollectionsKt                                                : loaded 2 times (x 71B)
Class com.google.common.io.ByteSource                                                 : loaded 2 times (x 84B)
Class com.google.common.cache.AbstractCache$StatsCounter                              : loaded 2 times (x 70B)
Class com.google.common.collect.MapMakerInternalMap$1                                 : loaded 2 times (x 83B)
Class com.google.common.reflect.Types$TypeVariableImpl                                : loaded 2 times (x 72B)
Class com.google.common.collect.Iterators$MergingIterator                             : loaded 2 times (x 81B)
Class com.google.common.collect.RegularImmutableSet                                   : loaded 2 times (x 149B)
Class org.gradle.internal.installation.GradleInstallation                             : loaded 2 times (x 75B)
Class com.google.common.base.Splitter$Strategy                                        : loaded 2 times (x 70B)
Class com.google.common.collect.Iterables                                             : loaded 2 times (x 71B)
Class org.jetbrains.kotlin.com.intellij.openapi.diagnostic.DefaultLogger              : loaded 2 times (x 100B)
Class com.google.common.collect.Lists$RandomAccessReverseList                         : loaded 2 times (x 200B)

---------------  S Y S T E M  ---------------

OS:
 Windows 11 , 64 bit Build 26100 (10.0.26100.8328)
OS uptime: 4 days 4:00 hours

CPU: total 4 (initial active 4) (2 cores per cpu, 2 threads per core) family 6 model 142 stepping 9 microcode 0xde, cx8, cmov, fxsr, ht, mmx, 3dnowpref, sse, sse2, sse3, ssse3, sse4.1, sse4.2, popcnt, lzcnt, tsc, tscinvbit, avx, avx2, aes, erms, clmul, bmi1, bmi2, adx, fma, vzeroupper, clflush, clflushopt, rdtscp, f16c
Processor Information for the first 4 processors :
  Max Mhz: 2400, Current Mhz: 2400, Mhz Limit: 2400

Memory: 4k page, system-wide physical 3987M (973M free)
TotalPageFile size 16275M (AvailPageFile size 627M)
current process WorkingSet (physical memory assigned to process): 330M, peak: 579M
current process commit charge ("private bytes"): 769M, peak: 1395M

vm_info: OpenJDK 64-Bit Server VM (21.0.10+-14961533-b1163.108) for windows-amd64 JRE (21.0.10+-14961533-b1163.108), built on 2026-03-02T19:58:50Z by "builder" with MS VC++ 16.10 / 16.11 (VS2019)

END.
